id,label
0,0
1,1
2,1
3,1
4,1
5,0
6,0
7,1
8,0
9,1
10,1
11,0
12,0
13,0
14,1
15,1
16,1
17,0
18,0
19,1
20,1
21,0
22,1
23,1
24,1
25,0
26,0
27,0
28,0
29,1
30,0
31,1
32,1
33,1
34,1
35,0
36,1
37,0
38,0
39,1
40,0
41,0
42,1
43,1
44,1
45,0
46,1
47,0
48,1
49,1
50,1
51,1
52,0
53,1
54,1
55,0
56,1
57,1
58,0
59,0
60,0
61,1
62,1
63,1
64,1
65,0
66,0
67,0
68,1
69,0
70,1
71,1
72,1
73,0
74,1
75,0
76,1
77,0
78,1
79,0
80,1
81,0
82,0
83,0
84,0
85,1
86,0
87,1
88,0
89,0
90,1
91,0
92,1
93,1
94,0
95,1
96,1
97,1
98,0
99,0
100,0
101,0
102,0
103,0
104,0
105,0
106,1
107,1
108,1
109,1
110,0
111,0
112,1
113,0
114,1
115,1
116,1
117,0
118,1
119,1
120,1
121,1
122,1
123,0
124,1
125,1
126,0
127,0
128,1
129,0
130,1
131,0
132,1
133,0
134,1
135,0
136,0
137,1
138,1
139,0
140,1
141,0
142,0
143,0
144,1
145,1
146,1
147,0
148,0
149,1
150,1
151,0
152,0
153,1
154,0
155,0
156,1
157,0
158,0
159,1
160,1
161,0
162,0
163,1
164,1
165,1
166,1
167,1
168,1
169,1
170,0
171,1
172,1
173,0
174,0
175,0
176,1
177,0
178,0
179,0
180,0
181,1
182,0
183,1
184,1
185,0
186,1
187,1
188,0
189,1
190,1
191,0
192,0
193,0
194,1
195,1
196,1
197,1
198,1
199,0
200,0
201,1
202,1
203,0
204,0
205,1
206,0
207,0
208,0
209,1
210,1
211,0
212,1
213,1
214,1
215,1
216,1
217,0
218,0
219,0
220,1
221,0
222,1
223,0
224,1
225,1
226,1
227,1
228,0
229,0
230,0
231,1
232,1
233,0
234,1
235,0
236,1
237,0
238,1
239,1
240,0
241,1
242,1
243,0
244,0
245,1
246,0
247,1
248,1
249,1
250,0
251,1
252,1
253,1
254,0
255,1
256,0
257,1
258,1
259,1
260,0
261,1
262,1
263,0
264,0
265,0
266,0
267,1
268,1
269,1
270,1
271,0
272,0
273,1
274,1
275,0
276,0
277,0
278,0
279,0
280,0
281,1
282,0
283,1
284,0
285,1
286,0
287,1
288,0
289,0
290,0
291,0
292,0
293,0
294,0
295,1
296,1
297,1
298,0
299,0
300,1
301,1
302,0
303,1
304,1
305,0
306,0
307,0
308,1
309,1
310,1
311,0
312,1
313,1
314,0
315,0
316,1
317,1
318,1
319,1
320,0
321,1
322,1
323,0
324,1
325,0
326,1
327,1
328,0
329,0
330,1
331,0
332,0
333,0
334,0
335,1
336,0
337,1
338,1
339,0
340,1
341,1
342,1
343,1
344,1
345,0
346,1
347,1
348,1
349,1
350,1
351,0
352,1
353,0
354,0
355,1
356,0
357,0
358,1
359,1
360,0
361,1
362,0
363,1
364,1
365,0
366,1
367,1
368,1
369,0
370,0
371,0
372,0
373,0
374,1
375,0
376,0
377,0
378,1
379,0
380,1
381,0
382,1
383,1
384,0
385,0
386,1
387,0
388,0
389,1
390,0
391,0
392,1
393,1
394,0
395,1
396,1
397,1
398,0
399,1
400,1
401,0
402,1
403,0
404,0
405,0
406,1
407,0
408,1
409,0
410,1
411,0
412,0
413,0
414,1
415,1
416,1
417,0
418,1
419,1
420,1
421,1
422,1
423,0
424,0
425,0
426,1
427,1
428,1
429,0
430,0
431,0
432,1
433,0
434,1
435,1
436,1
437,1
438,1
439,1
440,0
441,0
442,0
443,1
444,0
445,0
446,1
447,1
448,0
449,1
450,0
451,1
452,0
453,0
454,0
455,1
456,0
457,0
458,1
459,1
460,1
461,1
462,0
463,0
464,1
465,0
466,1
467,0
468,1
469,0
470,1
471,0
472,1
473,1
474,1
475,0
476,0
477,0
478,1
479,1
480,1
481,0
482,0
483,0
484,0
485,0
486,1
487,1
488,0
489,1
490,1
491,1
492,1
493,1
494,0
495,1
496,0
497,0
498,1
499,1
500,1
501,1
502,1
503,1
504,1
505,1
506,0
507,1
508,0
509,0
510,1
511,1
512,1
513,1
514,1
515,0
516,1
517,1
518,0
519,1
520,0
521,1
522,0
523,1
524,0
525,0
526,0
527,0
528,1
529,0
530,1
531,0
532,0
533,1
534,1
535,1
536,1
537,1
538,1
539,1
540,0
541,0
542,1
543,0
544,1
545,1
546,1
547,0
548,0
549,0
550,0
551,0
552,1
553,0
554,1
555,0
556,0
557,1
558,1
559,1
560,1
561,0
562,1
563,1
564,0
565,1
566,1
567,1
568,1
569,1
570,1
571,0
572,0
573,0
574,0
575,0
576,1
577,0
578,1
579,0
580,0
581,0
582,1
583,0
584,1
585,0
586,0
587,0
588,0
589,0
590,1
591,0
592,0
593,0
594,1
595,0
596,1
597,1
598,0
599,0
600,1
601,0
602,0
603,0
604,1
605,0
606,1
607,1
608,0
609,0
610,1
611,0
612,1
613,1
614,0
615,0
616,1
617,1
618,1
619,1
620,1
621,1
622,1
623,0
624,0
625,0
626,1
627,1
628,1
629,1
630,1
631,1
632,0
633,0
634,1
635,1
636,1
637,1
638,1
639,0
640,0
641,1
642,1
643,1
644,1
645,0
646,1
647,0
648,1
649,1
650,0
651,0
652,1
653,0
654,1
655,0
656,1
657,0
658,0
659,0
660,1
661,0
662,1
663,0
664,1
665,1
666,0
667,0
668,1
669,0
670,1
671,1
672,1
673,1
674,1
675,1
676,1
677,0
678,0
679,1
680,1
681,1
682,0
683,0
684,0
685,0
686,1
687,0
688,1
689,1
690,0
691,1
692,1
693,0
694,0
695,0
696,1
697,1
698,0
699,0
700,0
701,1
702,1
703,1
704,1
705,1
706,1
707,0
708,1
709,1
710,0
711,1
712,1
713,0
714,1
715,1
716,1
717,1
718,1
719,1
720,0
721,0
722,0
723,1
724,0
725,0
726,1
727,0
728,0
729,1
730,1
731,0
732,0
733,1
734,1
735,0
736,1
737,1
738,1
739,0
740,1
741,0
742,0
743,1
744,0
745,0
746,1
747,1
748,1
749,0
750,0
751,0
752,0
753,0
754,0
755,1
756,1
757,0
758,0
759,1
760,0
761,1
762,0
763,1
764,0
765,0
766,0
767,1
768,0
769,1
770,1
771,0
772,1
773,0
774,1
775,1
776,1
777,1
778,0
779,0
780,1
781,0
782,0
783,1
784,0
785,0
786,0
787,1
788,0
789,1
790,1
791,0
792,0
793,0
794,1
795,1
796,0
797,1
798,1
799,0
800,1
801,0
802,0
803,0
804,0
805,1
806,1
807,0
808,1
809,0
810,1
811,0
812,0
813,0
814,0
815,0
816,1
817,0
818,0
819,0
820,1
821,1
822,1
823,1
824,0
825,0
826,0
827,0
828,1
829,1
830,1
831,0
832,0
833,0
834,1
835,0
836,0
837,0
838,1
839,0
840,1
841,1
842,0
843,1
844,1
845,1
846,0
847,1
848,1
849,1
850,1
851,1
852,0
853,0
854,0
855,1
856,0
857,0
858,0
859,1
860,0
861,0
862,0
863,1
864,1
865,1
866,0
867,1
868,0
869,0
870,1
871,1
872,0
873,0
874,1
875,0
876,0
877,0
878,1
879,1
880,1
881,0
882,1
883,0
884,0
885,1
886,1
887,1
888,1
889,0
890,1
891,0
892,1
893,0
894,0
895,0
896,0
897,0
898,0
899,0
900,0
901,1
902,0
903,0
904,1
905,0
906,0
907,0
908,1
909,0
910,0
911,0
912,1
913,0
914,0
915,0
916,0
917,1
918,1
919,0
920,1
921,1
922,0
923,1
924,1
925,0
926,1
927,1
928,1
929,0
930,0
931,0
932,0
933,1
934,1
935,1
936,0
937,1
938,0
939,1
940,1
941,1
942,0
943,0
944,0
945,0
946,1
947,1
948,0
949,0
950,0
951,0
952,0
953,0
954,1
955,0
956,0
957,0
958,1
959,0
960,1
961,0
962,0
963,0
964,1
965,1
966,1
967,1
968,0
969,0
970,1
971,0
972,0
973,0
974,0
975,0
976,1
977,1
978,0
979,0
980,0
981,1
982,1
983,1
984,0
985,0
986,0
987,1
988,0
989,1
990,1
991,1
992,0
993,1
994,0
995,0
996,0
997,1
998,1
999,1
1000,0
1001,1
1002,1
1003,0
1004,1
1005,0
1006,0
1007,0
1008,1
1009,1
1010,0
1011,1
1012,0
1013,1
1014,1
1015,1
1016,1
1017,1
1018,1
1019,1
1020,0
1021,0
1022,0
1023,1
1024,1
1025,1
1026,0
1027,1
1028,1
1029,1
1030,1
1031,1
1032,1
1033,0
1034,1
1035,0
1036,0
1037,0
1038,1
1039,1
1040,1
1041,0
1042,1
1043,0
1044,1
1045,0
1046,0
1047,1
1048,1
1049,1
1050,0
1051,1
1052,1
1053,1
1054,1
1055,1
1056,0
1057,1
1058,1
1059,1
1060,0
1061,1
1062,1
1063,0
1064,1
1065,1
1066,1
1067,0
1068,1
1069,1
1070,0
1071,1
1072,1
1073,0
1074,1
1075,1
1076,1
1077,1
1078,0
1079,1
1080,1
1081,1
1082,0
1083,0
1084,1
1085,1
1086,0
1087,0
1088,0
1089,1
1090,1
1091,0
1092,0
1093,0
1094,1
1095,0
1096,1
1097,1
1098,0
1099,0
1100,1
1101,0
1102,1
1103,1
1104,1
1105,1
1106,0
1107,1
1108,0
1109,1
1110,1
1111,0
1112,1
1113,1
1114,0
1115,0
1116,1
1117,1
1118,1
1119,1
1120,0
1121,0
1122,0
1123,1
1124,1
1125,1
1126,0
1127,1
1128,0
1129,0
1130,0
1131,1
1132,0
1133,1
1134,1
1135,1
1136,1
1137,1
1138,1
1139,0
1140,1
1141,0
1142,1
1143,1
1144,0
1145,1
1146,1
1147,1
1148,1
1149,1
1150,1
1151,1
1152,0
1153,1
1154,0
1155,1
1156,1
1157,0
1158,1
1159,1
1160,0
1161,1
1162,0
1163,1
1164,0
1165,1
1166,1
1167,0
1168,1
1169,1
1170,0
1171,0
1172,1
1173,1
1174,0
1175,0
1176,1
1177,1
1178,0
1179,1
1180,0
1181,1
1182,0
1183,0
1184,1
1185,0
1186,1
1187,1
1188,1
1189,1
1190,0
1191,1
1192,0
1193,1
1194,0
1195,1
1196,0
1197,0
1198,0
1199,1
1200,0
1201,0
1202,1
1203,1
1204,1
1205,0
1206,0
1207,0
1208,0
1209,1
1210,0
1211,0
1212,0
1213,0
1214,0
1215,1
1216,0
1217,0
1218,1
1219,0
1220,0
1221,1
1222,1
1223,1
1224,0
1225,1
1226,1
1227,1
1228,1
1229,1
1230,1
1231,0
1232,0
1233,1
1234,0
1235,0
1236,1
1237,0
1238,1
1239,0
1240,1
1241,0
1242,0
1243,0
1244,0
1245,1
1246,1
1247,1
1248,1
1249,0
1250,1
1251,1
1252,0
1253,1
1254,1
1255,1
1256,0
1257,0
1258,1
1259,1
1260,0
1261,1
1262,1
1263,1
1264,0
1265,0
1266,0
1267,1
1268,0
1269,0
1270,0
1271,1
1272,0
1273,0
1274,1
1275,1
1276,1
1277,0
1278,0
1279,1
1280,1
1281,1
1282,0
1283,1
1284,1
1285,1
1286,1
1287,1
1288,0
1289,1
1290,1
1291,1
1292,1
1293,1
1294,1
1295,1
1296,0
1297,1
1298,1
1299,1
1300,1
1301,1
1302,0
1303,1
1304,0
1305,0
1306,1
1307,1
1308,0
1309,0
1310,0
1311,1
1312,0
1313,0
1314,0
1315,1
1316,1
1317,1
1318,0
1319,0
1320,1
1321,0
1322,0
1323,1
1324,0
1325,1
1326,1
1327,0
1328,0
1329,1
1330,1
1331,1
1332,0
1333,1
1334,1
1335,0
1336,1
1337,1
1338,0
1339,1
1340,1
1341,1
1342,0
1343,1
1344,1
1345,1
1346,1
1347,1
1348,0
1349,0
1350,0
1351,1
1352,0
1353,0
1354,1
1355,0
1356,1
1357,1
1358,0
1359,1
1360,0
1361,1
1362,1
1363,0
1364,0
1365,1
1366,0
1367,1
1368,1
1369,0
1370,1
1371,0
1372,1
1373,0
1374,1
1375,1
1376,1
1377,1
1378,0
1379,0
1380,0
1381,1
1382,0
1383,1
1384,0
1385,1
1386,0
1387,1
1388,0
1389,1
1390,1
1391,0
1392,0
1393,1
1394,0
1395,1
1396,0
1397,1
1398,1
1399,0
1400,0
1401,1
1402,0
1403,1
1404,0
1405,1
1406,1
1407,0
1408,0
1409,1
1410,0
1411,0
1412,1
1413,0
1414,1
1415,0
1416,1
1417,1
1418,0
1419,1
1420,1
1421,1
1422,0
1423,1
1424,0
1425,0
1426,0
1427,1
1428,0
1429,1
1430,0
1431,1
1432,1
1433,0
1434,1
1435,1
1436,0
1437,1
1438,1
1439,1
1440,0
1441,0
1442,0
1443,0
1444,0
1445,1
1446,0
1447,1
1448,0
1449,0
1450,1
1451,1
1452,1
1453,1
1454,1
1455,0
1456,0
1457,0
1458,0
1459,0
1460,1
1461,1
1462,1
1463,0
1464,1
1465,1
1466,0
1467,1
1468,1
1469,1
1470,0
1471,1
1472,0
1473,0
1474,1
1475,1
1476,0
1477,0
1478,0
1479,0
1480,1
1481,0
1482,1
1483,0
1484,1
1485,0
1486,1
1487,0
1488,0
1489,1
1490,1
1491,0
1492,1
1493,1
1494,0
1495,0
1496,1
1497,0
1498,1
1499,0
1500,0
1501,0
1502,1
1503,1
1504,1
1505,0
1506,0
1507,1
1508,0
1509,0
1510,1
1511,0
1512,1
1513,0
1514,0
1515,1
1516,1
1517,0
1518,1
1519,1
1520,1
1521,1
1522,1
1523,1
1524,1
1525,0
1526,1
1527,1
1528,0
1529,0
1530,0
1531,1
1532,1
1533,1
1534,1
1535,0
1536,1
1537,0
1538,1
1539,1
1540,1
1541,1
1542,0
1543,0
1544,1
1545,1
1546,0
1547,0
1548,1
1549,0
1550,0
1551,0
1552,1
1553,0
1554,0
1555,1
1556,0
1557,0
1558,1
1559,1
1560,1
1561,1
1562,1
1563,1
1564,0
1565,1
1566,1
1567,0
1568,0
1569,1
1570,0
1571,1
1572,0
1573,1
1574,0
1575,1
1576,1
1577,1
1578,0
1579,1
1580,1
1581,0
1582,0
1583,0
1584,1
1585,1
1586,0
1587,1
1588,1
1589,0
1590,0
1591,1
1592,1
1593,0
1594,1
1595,1
1596,1
1597,0
1598,0
1599,0
1600,0
1601,0
1602,0
1603,0
1604,0
1605,1
1606,0
1607,1
1608,0
1609,0
1610,0
1611,0
1612,0
1613,0
1614,0
1615,1
1616,0
1617,1
1618,1
1619,1
1620,1
1621,0
1622,1
1623,1
1624,0
1625,0
1626,0
1627,1
1628,1
1629,1
1630,0
1631,0
1632,1
1633,1
1634,1
1635,0
1636,0
1637,0
1638,1
1639,1
1640,0
1641,1
1642,0
1643,1
1644,1
1645,0
1646,0
1647,1
1648,1
1649,0
1650,1
1651,1
1652,1
1653,1
1654,0
1655,1
1656,0
1657,1
1658,1
1659,1
1660,1
1661,0
1662,1
1663,0
1664,1
1665,1
1666,1
1667,0
1668,0
1669,0
1670,0
1671,1
1672,1
1673,0
1674,1
1675,0
1676,1
1677,0
1678,1
1679,1
1680,1
1681,0
1682,1
1683,0
1684,1
1685,0
1686,0
1687,1
1688,0
1689,0
1690,1
1691,0
1692,1
1693,0
1694,0
1695,1
1696,0
1697,1
1698,0
1699,1
1700,0
1701,0
1702,1
1703,1
1704,1
1705,0
1706,1
1707,0
1708,0
1709,0
1710,1
1711,1
1712,1
1713,0
1714,0
1715,0
1716,0
1717,0
1718,1
1719,1
1720,1
1721,1
1722,1
1723,1
1724,0
1725,1
1726,0
1727,1
1728,0
1729,0
1730,1
1731,0
1732,1
1733,0
1734,1
1735,0
1736,1
1737,0
1738,0
1739,0
1740,0
1741,1
1742,0
1743,1
1744,1
1745,1
1746,0
1747,0
1748,1
1749,0
1750,0
1751,1
1752,1
1753,0
1754,1
1755,1
1756,0
1757,0
1758,0
1759,1
1760,0
1761,0
1762,0
1763,0
1764,1
1765,0
1766,1
1767,1
1768,1
1769,0
1770,1
1771,1
1772,1
1773,0
1774,0
1775,0
1776,1
1777,1
1778,1
1779,0
1780,0
1781,0
1782,1
1783,1
1784,0
1785,1
1786,0
1787,1
1788,1
1789,0
1790,1
1791,1
1792,0
1793,0
1794,0
1795,1
1796,0
1797,1
1798,0
1799,1
1800,1
1801,0
1802,1
1803,1
1804,1
1805,1
1806,0
1807,1
1808,1
1809,0
1810,1
1811,0
1812,0
1813,0
1814,0
1815,1
1816,1
1817,0
1818,0
1819,1
1820,1
1821,0
1822,0
1823,1
1824,0
1825,1
1826,1
1827,0
1828,0
1829,1
1830,0
1831,0
1832,1
1833,1
1834,0
1835,0
1836,0
1837,0
1838,1
1839,0
1840,0
1841,1
1842,1
1843,1
1844,0
1845,1
1846,1
1847,0
1848,0
1849,0
1850,0
1851,0
1852,1
1853,0
1854,1
1855,0
1856,1
1857,0
1858,0
1859,1
1860,1
1861,1
1862,1
1863,1
1864,0
1865,0
1866,1
1867,1
1868,0
1869,0
1870,0
1871,0
1872,1
1873,1
1874,0
1875,1
1876,1
1877,0
1878,1
1879,1
1880,0
1881,0
1882,0
1883,1
1884,0
1885,0
1886,0
1887,0
1888,0
1889,0
1890,0
1891,0
1892,1
1893,1
1894,0
1895,1
1896,1
1897,1
1898,0
1899,1
1900,0
1901,1
1902,0
1903,0
1904,0
1905,0
1906,0
1907,0
1908,0
1909,0
1910,1
1911,1
1912,0
1913,1
1914,1
1915,1
1916,0
1917,0
1918,1
1919,0
1920,0
1921,0
1922,0
1923,0
1924,1
1925,1
1926,0
1927,0
1928,1
1929,1
1930,1
1931,0
1932,1
1933,0
1934,1
1935,1
1936,1
1937,1
1938,1
1939,1
1940,0
1941,0
1942,1
1943,1
1944,1
1945,1
1946,0
1947,0
1948,1
1949,1
1950,0
1951,0
1952,1
1953,0
1954,1
1955,1
1956,1
1957,0
1958,1
1959,0
1960,1
1961,1
1962,0
1963,1
1964,0
1965,1
1966,1
1967,1
1968,1
1969,1
1970,0
1971,0
1972,0
1973,1
1974,0
1975,1
1976,1
1977,1
1978,1
1979,0
1980,1
1981,1
1982,0
1983,1
1984,0
1985,1
1986,1
1987,1
1988,0
1989,1
1990,1
1991,1
1992,1
1993,1
1994,1
1995,0
1996,1
1997,1
1998,0
1999,0
2000,1
2001,0
2002,1
2003,1
2004,0
2005,0
2006,1
2007,1
2008,1
2009,0
2010,0
2011,1
2012,0
2013,0
2014,1
2015,1
2016,1
2017,1
2018,1
2019,1
2020,0
2021,0
2022,1
2023,0
2024,0
2025,0
2026,1
2027,0
2028,0
2029,1
2030,1
2031,0
2032,1
2033,1
2034,0
2035,0
2036,1
2037,1
2038,0
2039,1
2040,1
2041,0
2042,1
2043,0
2044,1
2045,1
2046,1
2047,1
2048,1
2049,1
2050,1
2051,1
2052,1
2053,1
2054,0
2055,0
2056,0
2057,1
2058,0
2059,1
2060,0
2061,0
2062,1
2063,1
2064,1
2065,0
2066,0
2067,1
2068,0
2069,0
2070,1
2071,1
2072,1
2073,1
2074,1
2075,1
2076,0
2077,0
2078,1
2079,1
2080,1
2081,1
2082,1
2083,1
2084,1
2085,1
2086,0
2087,0
2088,1
2089,0
2090,0
2091,1
2092,1
2093,0
2094,0
2095,1
2096,0
2097,1
2098,1
2099,0
2100,0
2101,0
2102,1
2103,1
2104,0
2105,0
2106,1
2107,1
2108,1
2109,1
2110,1
2111,1
2112,1
2113,1
2114,0
2115,1
2116,1
2117,1
2118,1
2119,1
2120,1
2121,0
2122,0
2123,0
2124,1
2125,1
2126,0
2127,0
2128,0
2129,0
2130,1
2131,1
2132,1
2133,0
2134,1
2135,0
2136,1
2137,1
2138,1
2139,1
2140,0
2141,0
2142,1
2143,1
2144,1
2145,0
2146,1
2147,1
2148,0
2149,0
2150,1
2151,1
2152,0
2153,1
2154,1
2155,0
2156,0
2157,1
2158,1
2159,0
2160,0
2161,0
2162,1
2163,1
2164,1
2165,0
2166,1
2167,1
2168,0
2169,0
2170,0
2171,1
2172,0
2173,1
2174,0
2175,0
2176,1
2177,0
2178,0
2179,1
2180,0
2181,1
2182,0
2183,1
2184,1
2185,0
2186,1
2187,0
2188,1
2189,0
2190,1
2191,0
2192,0
2193,0
2194,0
2195,0
2196,0
2197,1
2198,1
2199,0
2200,0
2201,1
2202,0
2203,1
2204,1
2205,1
2206,1
2207,0
2208,1
2209,1
2210,0
2211,1
2212,0
2213,1
2214,0
2215,1
2216,1
2217,0
2218,1
2219,0
2220,0
2221,1
2222,1
2223,1
2224,1
2225,0
2226,1
2227,1
2228,0
2229,0
2230,1
2231,1
2232,0
2233,1
2234,0
2235,1
2236,0
2237,1
2238,0
2239,1
2240,0
2241,0
2242,1
2243,1
2244,0
2245,1
2246,0
2247,1
2248,0
2249,0
2250,1
2251,0
2252,1
2253,0
2254,1
2255,0
2256,0
2257,0
2258,0
2259,1
2260,0
2261,1
2262,0
2263,1
2264,1
2265,1
2266,1
2267,1
2268,1
2269,0
2270,0
2271,1
2272,0
2273,0
2274,1
2275,1
2276,1
2277,0
2278,0
2279,1
2280,1
2281,1
2282,0
2283,0
2284,0
2285,0
2286,0
2287,1
2288,0
2289,1
2290,0
2291,1
2292,1
2293,1
2294,1
2295,0
2296,1
2297,0
2298,0
2299,1
2300,1
2301,1
2302,1
2303,0
2304,0
2305,0
2306,0
2307,0
2308,1
2309,1
2310,0
2311,0
2312,0
2313,1
2314,0
2315,0
2316,0
2317,1
2318,1
2319,0
2320,1
2321,1
2322,0
2323,1
2324,1
2325,0
2326,1
2327,1
2328,0
2329,0
2330,1
2331,0
2332,0
2333,1
2334,1
2335,0
2336,1
2337,0
2338,0
2339,1
2340,0
2341,0
2342,1
2343,0
2344,1
2345,1
2346,1
2347,1
2348,1
2349,1
2350,0
2351,0
2352,0
2353,0
2354,1
2355,1
2356,0
2357,1
2358,1
2359,1
2360,0
2361,0
2362,0
2363,0
2364,0
2365,1
2366,1
2367,1
2368,1
2369,1
2370,1
2371,1
2372,1
2373,1
2374,0
2375,0
2376,0
2377,1
2378,0
2379,1
2380,1
2381,0
2382,0
2383,1
2384,0
2385,1
2386,0
2387,0
2388,0
2389,0
2390,0
2391,0
2392,0
2393,0
2394,1
2395,1
2396,0
2397,1
2398,1
2399,0
2400,0
2401,0
2402,0
2403,0
2404,0
2405,1
2406,0
2407,1
2408,1
2409,1
2410,1
2411,1
2412,0
2413,0
2414,1
2415,1
2416,1
2417,0
2418,0
2419,1
2420,0
2421,0
2422,1
2423,1
2424,0
2425,1
2426,0
2427,0
2428,0
2429,1
2430,0
2431,1
2432,0
2433,0
2434,0
2435,1
2436,1
2437,1
2438,0
2439,0
2440,0
2441,1
2442,1
2443,0
2444,0
2445,0
2446,1
2447,1
2448,0
2449,1
2450,1
2451,1
2452,1
2453,1
2454,1
2455,1
2456,1
2457,0
2458,0
2459,1
2460,1
2461,0
2462,0
2463,1
2464,0
2465,1
2466,1
2467,1
2468,0
2469,1
2470,0
2471,1
2472,0
2473,1
2474,0
2475,0
2476,1
2477,0
2478,1
2479,0
2480,0
2481,1
2482,1
2483,0
2484,1
2485,1
2486,1
2487,1
2488,1
2489,1
2490,0
2491,1
2492,1
2493,1
2494,1
2495,0
2496,0
2497,1
2498,0
2499,1
2500,1
2501,1
2502,1
2503,1
2504,1
2505,1
2506,0
2507,1
2508,1
2509,1
2510,0
2511,1
2512,0
2513,1
2514,1
2515,1
2516,0
2517,0
2518,0
2519,1
2520,1
2521,1
2522,1
2523,0
2524,1
2525,1
2526,1
2527,0
2528,1
2529,0
2530,0
2531,1
2532,0
2533,1
2534,1
2535,0
2536,0
2537,1
2538,0
2539,1
2540,1
2541,1
2542,1
2543,0
2544,0
2545,0
2546,1
2547,1
2548,0
2549,1
2550,1
2551,1
2552,0
2553,1
2554,1
2555,0
2556,0
2557,1
2558,1
2559,1
2560,0
2561,1
2562,0
2563,0
2564,1
2565,1
2566,1
2567,1
2568,0
2569,0
2570,1
2571,1
2572,0
2573,0
2574,1
2575,1
2576,0
2577,1
2578,0
2579,0
2580,0
2581,1
2582,1
2583,1
2584,0
2585,0
2586,0
2587,0
2588,1
2589,1
2590,0
2591,0
2592,1
2593,1
2594,1
2595,1
2596,1
2597,1
2598,0
2599,1
2600,0
2601,1
2602,0
2603,1
2604,0
2605,1
2606,1
2607,0
2608,0
2609,1
2610,1
2611,1
2612,1
2613,1
2614,1
2615,1
2616,1
2617,1
2618,1
2619,1
2620,1
2621,0
2622,1
2623,0
2624,0
2625,1
2626,1
2627,0
2628,0
2629,1
2630,1
2631,1
2632,1
2633,1
2634,1
2635,1
2636,0
2637,1
2638,1
2639,1
2640,1
2641,1
2642,1
2643,0
2644,0
2645,0
2646,1
2647,1
2648,1
2649,1
2650,0
2651,1
2652,0
2653,1
2654,1
2655,0
2656,1
2657,0
2658,1
2659,1
2660,1
2661,1
2662,0
2663,1
2664,1
2665,1
2666,1
2667,1
2668,1
2669,0
2670,1
2671,0
2672,0
2673,1
2674,1
2675,1
2676,1
2677,1
2678,1
2679,0
2680,0
2681,1
2682,1
2683,1
2684,1
2685,1
2686,1
2687,0
2688,1
2689,1
2690,1
2691,0
2692,0
2693,0
2694,1
2695,0
2696,0
2697,0
2698,1
2699,0
2700,0
2701,1
2702,0
2703,1
2704,1
2705,1
2706,1
2707,0
2708,1
2709,1
2710,1
2711,1
2712,1
2713,1
2714,0
2715,1
2716,1
2717,0
2718,0
2719,1
2720,1
2721,1
2722,1
2723,0
2724,1
2725,1
2726,1
2727,0
2728,0
2729,1
2730,1
2731,1
2732,1
2733,1
2734,1
2735,0
2736,0
2737,1
2738,1
2739,0
2740,1
2741,1
2742,0
2743,1
2744,0
2745,0
2746,1
2747,1
2748,1
2749,1
2750,1
2751,1
2752,0
2753,1
2754,1
2755,1
2756,1
2757,1
2758,1
2759,1
2760,1
2761,0
2762,1
2763,1
2764,0
2765,0
2766,0
2767,0
2768,1
2769,0
2770,0
2771,0
2772,1
2773,1
2774,1
2775,1
2776,1
2777,1
2778,0
2779,1
2780,0
2781,0
2782,1
2783,0
2784,1
2785,1
2786,1
2787,0
2788,0
2789,0
2790,0
2791,1
2792,0
2793,1
2794,1
2795,1
2796,0
2797,0
2798,0
2799,0
2800,0
2801,1
2802,0
2803,0
2804,0
2805,1
2806,1
2807,0
2808,1
2809,1
2810,0
2811,1
2812,0
2813,0
2814,0
2815,0
2816,0
2817,1
2818,1
2819,0
2820,0
2821,0
2822,1
2823,1
2824,0
2825,0
2826,0
2827,0
2828,1
2829,1
2830,1
2831,0
2832,0
2833,0
2834,1
2835,1
2836,1
2837,1
2838,0
2839,0
2840,0
2841,1
2842,1
2843,0
2844,1
2845,0
2846,0
2847,1
2848,1
2849,1
2850,0
2851,0
2852,0
2853,0
2854,0
2855,0
2856,0
2857,1
2858,1
2859,1
2860,1
2861,1
2862,1
2863,0
2864,0
2865,0
2866,0
2867,0
2868,1
2869,0
2870,1
2871,1
2872,0
2873,1
2874,1
2875,1
2876,1
2877,0
2878,1
2879,1
2880,1
2881,1
2882,0
2883,0
2884,1
2885,0
2886,0
2887,0
2888,1
2889,1
2890,1
2891,1
2892,1
2893,1
2894,1
2895,0
2896,0
2897,0
2898,0
2899,0
2900,1
2901,1
2902,1
2903,1
2904,0
2905,1
2906,0
2907,1
2908,1
2909,0
2910,1
2911,1
2912,0
2913,0
2914,1
2915,0
2916,0
2917,0
2918,1
2919,0
2920,1
2921,1
2922,1
2923,0
2924,1
2925,0
2926,0
2927,1
2928,0
2929,1
2930,1
2931,0
2932,0
2933,0
2934,1
2935,0
2936,1
2937,1
2938,1
2939,0
2940,1
2941,1
2942,0
2943,0
2944,1
2945,0
2946,0
2947,1
2948,1
2949,1
2950,1
2951,1
2952,0
2953,1
2954,1
2955,1
2956,1
2957,1
2958,1
2959,1
2960,1
2961,1
2962,0
2963,0
2964,1
2965,1
2966,1
2967,1
2968,1
2969,1
2970,0
2971,0
2972,1
2973,1
2974,1
2975,1
2976,0
2977,1
2978,1
2979,0
2980,0
2981,1
2982,0
2983,1
2984,0
2985,0
2986,0
2987,0
2988,1
2989,1
2990,1
2991,0
2992,0
2993,1
2994,1
2995,1
2996,0
2997,0
2998,0
2999,1
3000,1
3001,1
3002,0
3003,0
3004,0
3005,1
3006,1
3007,1
3008,0
3009,0
3010,0
3011,1
3012,1
3013,0
3014,0
3015,1
3016,0
3017,0
3018,1
3019,0
3020,1
3021,0
3022,0
3023,1
3024,1
3025,0
3026,1
3027,0
3028,1
3029,0
3030,0
3031,1
3032,1
3033,0
3034,0
3035,0
3036,0
3037,1
3038,0
3039,0
3040,1
3041,1
3042,1
3043,0
3044,0
3045,1
3046,1
3047,1
3048,0
3049,1
3050,0
3051,0
3052,0
3053,0
3054,1
3055,1
3056,0
3057,1
3058,0
3059,0
3060,1
3061,0
3062,0
3063,1
3064,1
3065,1
3066,1
3067,0
3068,0
3069,1
3070,1
3071,0
3072,1
3073,1
3074,1
3075,1
3076,1
3077,1
3078,0
3079,0
3080,0
3081,0
3082,0
3083,0
3084,0
3085,0
3086,1
3087,0
3088,0
3089,0
3090,1
3091,1
3092,1
3093,0
3094,1
3095,0
3096,1
3097,0
3098,0
3099,1
3100,1
3101,0
3102,0
3103,1
3104,1
3105,0
3106,0
3107,1
3108,0
3109,1
3110,0
3111,0
3112,1
3113,1
3114,0
3115,1
3116,1
3117,1
3118,0
3119,0
3120,1
3121,0
3122,0
3123,1
3124,1
3125,0
3126,0
3127,1
3128,1
3129,1
3130,0
3131,1
3132,1
3133,1
3134,1
3135,1
3136,0
3137,0
3138,0
3139,1
3140,1
3141,1
3142,0
3143,0
3144,0
3145,0
3146,0
3147,0
3148,0
3149,0
3150,0
3151,1
3152,1
3153,1
3154,1
3155,1
3156,1
3157,0
3158,0
3159,0
3160,1
3161,0
3162,0
3163,0
3164,1
3165,1
3166,1
3167,0
3168,0
3169,1
3170,1
3171,0
3172,0
3173,1
3174,0
3175,1
3176,0
3177,0
3178,1
3179,1
3180,0
3181,0
3182,1
3183,0
3184,0
3185,0
3186,0
3187,1
3188,0
3189,1
3190,0
3191,1
3192,1
3193,1
3194,1
3195,1
3196,0
3197,0
3198,0
3199,0
3200,1
3201,1
3202,1
3203,1
3204,0
3205,1
3206,1
3207,1
3208,0
3209,0
3210,1
3211,0
3212,0
3213,1
3214,1
3215,1
3216,1
3217,1
3218,1
3219,0
3220,1
3221,0
3222,0
3223,0
3224,1
3225,0
3226,0
3227,1
3228,1
3229,1
3230,1
3231,1
3232,1
3233,1
3234,1
3235,1
3236,0
3237,0
3238,0
3239,0
3240,0
3241,1
3242,0
3243,0
3244,0
3245,1
3246,1
3247,0
3248,0
3249,1
3250,0
3251,1
3252,1
3253,1
3254,0
3255,1
3256,0
3257,1
3258,1
3259,1
3260,1
3261,0
3262,1
3263,0
3264,0
3265,1
3266,1
3267,1
3268,0
3269,0
3270,1
3271,0
3272,0
3273,0
3274,1
3275,0
3276,0
3277,0
3278,0
3279,0
3280,1
3281,0
3282,1
3283,1
3284,0
3285,1
3286,0
3287,1
3288,0
3289,1
3290,1
3291,0
3292,0
3293,0
3294,0
3295,1
3296,1
3297,0
3298,1
3299,1
3300,1
3301,1
3302,1
3303,0
3304,1
3305,0
3306,1
3307,1
3308,1
3309,0
3310,0
3311,0
3312,1
3313,1
3314,0
3315,1
3316,0
3317,1
3318,1
3319,1
3320,1
3321,1
3322,1
3323,0
3324,0
3325,1
3326,0
3327,0
3328,0
3329,1
3330,1
3331,0
3332,0
3333,0
3334,1
3335,0
3336,0
3337,0
3338,0
3339,1
3340,1
3341,1
3342,0
3343,0
3344,1
3345,1
3346,1
3347,1
3348,0
3349,0
3350,0
3351,1
3352,1
3353,1
3354,1
3355,1
3356,1
3357,0
3358,1
3359,1
3360,0
3361,0
3362,0
3363,0
3364,1
3365,1
3366,0
3367,0
3368,0
3369,1
3370,1
3371,0
3372,1
3373,1
3374,0
3375,1
3376,1
3377,0
3378,0
3379,1
3380,0
3381,1
3382,0
3383,1
3384,1
3385,1
3386,1
3387,1
3388,1
3389,0
3390,1
3391,0
3392,1
3393,0
3394,1
3395,0
3396,0
3397,1
3398,0
3399,0
3400,1
3401,1
3402,1
3403,0
3404,1
3405,1
3406,0
3407,1
3408,0
3409,0
3410,1
3411,1
3412,0
3413,1
3414,0
3415,1
3416,1
3417,1
3418,0
3419,1
3420,1
3421,1
3422,1
3423,0
3424,1
3425,1
3426,1
3427,0
3428,0
3429,0
3430,1
3431,1
3432,0
3433,0
3434,0
3435,0
3436,1
3437,0
3438,0
3439,1
3440,0
3441,1
3442,0
3443,1
3444,1
3445,0
3446,0
3447,1
3448,0
3449,1
3450,1
3451,0
3452,0
3453,1
3454,0
3455,0
3456,0
3457,1
3458,1
3459,0
3460,1
3461,1
3462,0
3463,1
3464,1
3465,0
3466,0
3467,1
3468,1
3469,1
3470,0
3471,1
3472,0
3473,0
3474,0
3475,0
3476,1
3477,1
3478,1
3479,1
3480,1
3481,1
3482,1
3483,1
3484,1
3485,1
3486,1
3487,0
3488,0
3489,1
3490,0
3491,1
3492,0
3493,0
3494,1
3495,0
3496,0
3497,0
3498,0
3499,0
3500,1
3501,1
3502,1
3503,0
3504,1
3505,1
3506,0
3507,1
3508,0
3509,1
3510,0
3511,0
3512,0
3513,0
3514,0
3515,1
3516,1
3517,0
3518,1
3519,1
3520,1
3521,1
3522,0
3523,1
3524,1
3525,0
3526,1
3527,1
3528,0
3529,1
3530,1
3531,0
3532,1
3533,0
3534,1
3535,1
3536,1
3537,1
3538,0
3539,1
3540,0
3541,1
3542,1
3543,1
3544,1
3545,0
3546,1
3547,1
3548,1
3549,1
3550,1
3551,0
3552,0
3553,1
3554,1
3555,1
3556,1
3557,0
3558,1
3559,0
3560,0
3561,1
3562,1
3563,1
3564,1
3565,1
3566,1
3567,0
3568,0
3569,0
3570,1
3571,0
3572,1
3573,1
3574,0
3575,0
3576,1
3577,1
3578,1
3579,0
3580,1
3581,1
3582,1
3583,1
3584,1
3585,0
3586,1
3587,1
3588,0
3589,1
3590,0
3591,1
3592,1
3593,1
3594,1
3595,0
3596,1
3597,1
3598,1
3599,0
3600,1
3601,0
3602,1
3603,0
3604,1
3605,0
3606,1
3607,1
3608,0
3609,0
3610,1
3611,1
3612,1
3613,0
3614,1
3615,1
3616,1
3617,1
3618,1
3619,1
3620,1
3621,0
3622,0
3623,1
3624,0
3625,1
3626,1
3627,0
3628,1
3629,0
3630,1
3631,1
3632,1
3633,0
3634,1
3635,0
3636,1
3637,1
3638,1
3639,1
3640,1
3641,1
3642,1
3643,0
3644,1
3645,1
3646,0
3647,1
3648,0
3649,1
3650,1
3651,1
3652,0
3653,1
3654,1
3655,0
3656,1
3657,0
3658,1
3659,0
3660,1
3661,1
3662,1
3663,0
3664,0
3665,1
3666,0
3667,1
3668,1
3669,0
3670,1
3671,1
3672,0
3673,1
3674,0
3675,0
3676,1
3677,1
3678,1
3679,1
3680,0
3681,0
3682,0
3683,0
3684,1
3685,1
3686,1
3687,1
3688,0
3689,1
3690,1
3691,0
3692,1
3693,0
3694,1
3695,0
3696,1
3697,1
3698,1
3699,1
3700,1
3701,0
3702,1
3703,1
3704,0
3705,1
3706,1
3707,0
3708,1
3709,1
3710,0
3711,1
3712,1
3713,1
3714,1
3715,0
3716,1
3717,1
3718,0
3719,1
3720,1
3721,1
3722,1
3723,1
3724,1
3725,1
3726,0
3727,1
3728,0
3729,0
3730,0
3731,1
3732,0
3733,1
3734,1
3735,0
3736,0
3737,1
3738,0
3739,0
3740,1
3741,0
3742,0
3743,0
3744,0
3745,0
3746,1
3747,1
3748,1
3749,0
3750,1
3751,1
3752,1
3753,1
3754,1
3755,1
3756,0
3757,0
3758,1
3759,0
3760,0
3761,0
3762,1
3763,1
3764,1
3765,0
3766,1
3767,0
3768,0
3769,0
3770,0
3771,1
3772,0
3773,0
3774,1
3775,1
3776,0
3777,1
3778,0
3779,1
3780,1
3781,1
3782,0
3783,1
3784,1
3785,1
3786,0
3787,0
3788,0
3789,1
3790,1
3791,0
3792,0
3793,0
3794,0
3795,1
3796,1
3797,1
3798,1
3799,0
3800,1
3801,1
3802,0
3803,0
3804,1
3805,1
3806,0
3807,1
3808,1
3809,1
3810,1
3811,1
3812,1
3813,0
3814,1
3815,1
3816,1
3817,1
3818,0
3819,0
3820,0
3821,1
3822,0
3823,0
3824,0
3825,0
3826,1
3827,1
3828,0
3829,0
3830,1
3831,1
3832,1
3833,1
3834,1
3835,0
3836,0
3837,1
3838,0
3839,1
3840,0
3841,1
3842,0
3843,1
3844,0
3845,1
3846,1
3847,1
3848,1
3849,1
3850,0
3851,0
3852,1
3853,1
3854,1
3855,1
3856,1
3857,1
3858,1
3859,0
3860,1
3861,0
3862,1
3863,0
3864,1
3865,1
3866,0
3867,1
3868,1
3869,0
3870,0
3871,1
3872,1
3873,1
3874,0
3875,1
3876,1
3877,1
3878,1
3879,0
3880,1
3881,0
3882,1
3883,0
3884,1
3885,1
3886,1
3887,0
3888,1
3889,1
3890,1
3891,0
3892,0
3893,0
3894,0
3895,0
3896,1
3897,1
3898,1
3899,0
3900,0
3901,1
3902,0
3903,0
3904,1
3905,1
3906,1
3907,0
3908,0
3909,0
3910,0
3911,0
3912,0
3913,1
3914,0
3915,0
3916,1
3917,1
3918,1
3919,1
3920,0
3921,0
3922,0
3923,1
3924,0
3925,1
3926,1
3927,0
3928,0
3929,1
3930,1
3931,1
3932,1
3933,0
3934,1
3935,0
3936,0
3937,0
3938,1
3939,1
3940,0
3941,1
3942,1
3943,0
3944,0
3945,0
3946,1
3947,0
3948,0
3949,0
3950,1
3951,1
3952,1
3953,1
3954,1
3955,1
3956,1
3957,0
3958,1
3959,0
3960,0
3961,1
3962,0
3963,1
3964,1
3965,1
3966,1
3967,1
3968,1
3969,0
3970,0
3971,0
3972,0
3973,1
3974,1
3975,1
3976,0
3977,1
3978,1
3979,1
3980,0
3981,1
3982,1
3983,1
3984,0
3985,0
3986,1
3987,1
3988,1
3989,0
3990,1
3991,1
3992,0
3993,1
3994,0
3995,1
3996,0
3997,1
3998,0
3999,1
4000,1
4001,0
4002,1
4003,1
4004,1
4005,0
4006,1
4007,0
4008,1
4009,0
4010,0
4011,1
4012,1
4013,1
4014,0
4015,1
4016,1
4017,0
4018,1
4019,1
4020,1
4021,0
4022,0
4023,1
4024,1
4025,1
4026,0
4027,1
4028,1
4029,0
4030,1
4031,0
4032,1
4033,0
4034,1
4035,0
4036,0
4037,1
4038,1
4039,1
4040,1
4041,0
4042,1
4043,1
4044,1
4045,1
4046,0
4047,1
4048,0
4049,1
4050,1
4051,1
4052,1
4053,0
4054,0
4055,1
4056,0
4057,1
4058,1
4059,1
4060,0
4061,1
4062,0
4063,1
4064,1
4065,1
4066,1
4067,0
4068,0
4069,1
4070,0
4071,0
4072,0
4073,0
4074,0
4075,1
4076,1
4077,1
4078,1
4079,1
4080,1
4081,1
4082,1
4083,0
4084,0
4085,0
4086,0
4087,1
4088,0
4089,1
4090,0
4091,1
4092,1
4093,1
4094,1
4095,0
4096,1
4097,0
4098,0
4099,0
4100,1
4101,1
4102,1
4103,1
4104,0
4105,1
4106,0
4107,0
4108,0
4109,0
4110,0
4111,1
4112,1
4113,1
4114,0
4115,0
4116,1
4117,1
4118,1
4119,1
4120,1
4121,0
4122,0
4123,1
4124,1
4125,0
4126,0
4127,0
4128,1
4129,1
4130,1
4131,0
4132,0
4133,0
4134,1
4135,0
4136,1
4137,0
4138,0
4139,1
4140,1
4141,1
4142,1
4143,0
4144,1
4145,1
4146,0
4147,1
4148,0
4149,0
4150,0
4151,0
4152,0
4153,1
4154,0
4155,1
4156,1
4157,1
4158,1
4159,0
4160,0
4161,0
4162,1
4163,0
4164,1
4165,0
4166,0
4167,1
4168,1
4169,0
4170,1
4171,0
4172,1
4173,0
4174,0
4175,0
4176,0
4177,1
4178,0
4179,1
4180,1
4181,0
4182,0
4183,1
4184,0
4185,0
4186,0
4187,1
4188,0
4189,1
4190,1
4191,0
4192,0
4193,0
4194,0
4195,0
4196,0
4197,0
4198,0
4199,0
4200,1
4201,1
4202,1
4203,1
4204,1
4205,0
4206,0
4207,0
4208,0
4209,0
4210,1
4211,0
4212,0
4213,0
4214,0
4215,0
4216,1
4217,1
4218,0
4219,1
4220,1
4221,1
4222,1
4223,1
4224,0
4225,0
4226,0
4227,1
4228,1
4229,0
4230,0
4231,1
4232,0
4233,1
4234,0
4235,1
4236,1
4237,0
4238,0
4239,0
4240,1
4241,1
4242,1
4243,0
4244,0
4245,1
4246,0
4247,0
4248,1
4249,0
4250,1
4251,1
4252,1
4253,1
4254,0
4255,0
4256,0
4257,1
4258,1
4259,0
4260,1
4261,0
4262,1
4263,1
4264,0
4265,1
4266,1
4267,1
4268,0
4269,1
4270,0
4271,1
4272,0
4273,0
4274,1
4275,1
4276,1
4277,0
4278,0
4279,0
4280,1
4281,0
4282,0
4283,0
4284,0
4285,0
4286,0
4287,0
4288,1
4289,1
4290,1
4291,1
4292,1
4293,1
4294,0
4295,1
4296,1
4297,0
4298,0
4299,1
4300,1
4301,1
4302,0
4303,0
4304,0
4305,0
4306,1
4307,0
4308,0
4309,0
4310,0
4311,1
4312,0
4313,1
4314,0
4315,0
4316,0
4317,0
4318,0
4319,1
4320,1
4321,0
4322,0
4323,1
4324,1
4325,0
4326,0
4327,1
4328,1
4329,1
4330,0
4331,0
4332,0
4333,0
4334,1
4335,1
4336,1
4337,1
4338,1
4339,0
4340,1
4341,0
4342,1
4343,1
4344,0
4345,0
4346,1
4347,0
4348,1
4349,0
4350,1
4351,1
4352,0
4353,1
4354,1
4355,0
4356,0
4357,0
4358,1
4359,0
4360,0
4361,0
4362,1
4363,1
4364,0
4365,0
4366,0
4367,0
4368,1
4369,0
4370,0
4371,1
4372,1
4373,1
4374,1
4375,0
4376,0
4377,0
4378,0
4379,0
4380,0
4381,0
4382,1
4383,0
4384,0
4385,0
4386,1
4387,0
4388,0
4389,1
4390,0
4391,0
4392,0
4393,0
4394,1
4395,1
4396,1
4397,0
4398,0
4399,0
4400,1
4401,0
4402,0
4403,1
4404,1
4405,0
4406,1
4407,0
4408,0
4409,0
4410,1
4411,0
4412,1
4413,0
4414,0
4415,1
4416,1
4417,1
4418,0
4419,0
4420,1
4421,0
4422,1
4423,1
4424,1
4425,1
4426,0
4427,1
4428,0
4429,1
4430,1
4431,0
4432,0
4433,1
4434,0
4435,0
4436,0
4437,1
4438,1
4439,0
4440,1
4441,0
4442,0
4443,1
4444,0
4445,0
4446,0
4447,1
4448,1
4449,0
4450,0
4451,1
4452,1
4453,1
4454,0
4455,0
4456,0
4457,0
4458,0
4459,1
4460,0
4461,1
4462,1
4463,1
4464,1
4465,1
4466,0
4467,1
4468,0
4469,1
4470,0
4471,0
4472,1
4473,1
4474,1
4475,1
4476,1
4477,0
4478,0
4479,1
4480,0
4481,0
4482,0
4483,0
4484,1
4485,1
4486,0
4487,1
4488,1
4489,1
4490,0
4491,0
4492,1
4493,0
4494,1
4495,0
4496,0
4497,0
4498,0
4499,0
4500,0
4501,0
4502,0
4503,1
4504,1
4505,1
4506,0
4507,1
4508,1
4509,0
4510,0
4511,1
4512,1
4513,1
4514,0
4515,1
4516,1
4517,1
4518,1
4519,1
4520,0
4521,0
4522,0
4523,0
4524,0
4525,0
4526,1
4527,1
4528,1
4529,1
4530,0
4531,1
4532,0
4533,1
4534,1
4535,1
4536,1
4537,0
4538,1
4539,1
4540,1
4541,0
4542,1
4543,0
4544,0
4545,1
4546,0
4547,1
4548,0
4549,1
4550,1
4551,0
4552,1
4553,1
4554,0
4555,0
4556,1
4557,0
4558,0
4559,0
4560,1
4561,1
4562,0
4563,0
4564,1
4565,1
4566,0
4567,1
4568,0
4569,0
4570,1
4571,1
4572,0
4573,1
4574,0
4575,1
4576,0
4577,1
4578,0
4579,0
4580,1
4581,0
4582,1
4583,0
4584,0
4585,1
4586,1
4587,1
4588,1
4589,1
4590,1
4591,0
4592,1
4593,0
4594,0
4595,1
4596,0
4597,0
4598,0
4599,1
4600,0
4601,1
4602,1
4603,0
4604,1
4605,1
4606,1
4607,1
4608,1
4609,1
4610,1
4611,1
4612,1
4613,0
4614,0
4615,0
4616,1
4617,1
4618,1
4619,0
4620,0
4621,0
4622,1
4623,1
4624,0
4625,1
4626,0
4627,0
4628,1
4629,0
4630,0
4631,0
4632,0
4633,0
4634,1
4635,1
4636,1
4637,1
4638,1
4639,1
4640,0
4641,1
4642,1
4643,0
4644,0
4645,1
4646,1
4647,1
4648,1
4649,0
4650,0
4651,1
4652,1
4653,0
4654,0
4655,1
4656,1
4657,1
4658,0
4659,0
4660,1
4661,1
4662,1
4663,0
4664,0
4665,0
4666,0
4667,1
4668,1
4669,1
4670,1
4671,0
4672,1
4673,1
4674,0
4675,1
4676,1
4677,1
4678,0
4679,1
4680,0
4681,0
4682,0
4683,0
4684,0
4685,1
4686,1
4687,1
4688,0
4689,1
4690,0
4691,1
4692,0
4693,1
4694,0
4695,1
4696,0
4697,1
4698,1
4699,0
4700,1
4701,1
4702,0
4703,0
4704,1
4705,1
4706,1
4707,0
4708,1
4709,1
4710,1
4711,1
4712,0
4713,0
4714,1
4715,0
4716,1
4717,0
4718,1
4719,0
4720,0
4721,1
4722,0
4723,1
4724,1
4725,0
4726,1
4727,1
4728,1
4729,0
4730,1
4731,1
4732,0
4733,0
4734,0
4735,0
4736,1
4737,1
4738,1
4739,1
4740,1
4741,1
4742,1
4743,0
4744,1
4745,0
4746,1
4747,1
4748,0
4749,1
4750,1
4751,1
4752,1
4753,0
4754,0
4755,0
4756,0
4757,0
4758,1
4759,1
4760,1
4761,1
4762,1
4763,1
4764,1
4765,1
4766,0
4767,1
4768,1
4769,1
4770,1
4771,0
4772,0
4773,0
4774,1
4775,1
4776,0
4777,0
4778,1
4779,1
4780,0
4781,0
4782,0
4783,1
4784,1
4785,1
4786,0
4787,1
4788,0
4789,0
4790,0
4791,1
4792,1
4793,1
4794,1
4795,1
4796,1
4797,0
4798,0
4799,1
4800,1
4801,1
4802,1
4803,0
4804,0
4805,1
4806,0
4807,1
4808,0
4809,1
4810,1
4811,0
4812,1
4813,1
4814,1
4815,0
4816,1
4817,1
4818,1
4819,0
4820,0
4821,0
4822,1
4823,0
4824,0
4825,1
4826,0
4827,0
4828,0
4829,1
4830,1
4831,0
4832,0
4833,1
4834,1
4835,1
4836,0
4837,1
4838,1
4839,1
4840,1
4841,0
4842,1
4843,0
4844,1
4845,1
4846,0
4847,1
4848,0
4849,0
4850,0
4851,1
4852,1
4853,0
4854,1
4855,1
4856,0
4857,1
4858,0
4859,0
4860,0
4861,1
4862,1
4863,0
4864,1
4865,0
4866,0
4867,0
4868,0
4869,0
4870,1
4871,1
4872,0
4873,0
4874,1
4875,0
4876,0
4877,0
4878,1
4879,1
4880,1
4881,0
4882,1
4883,1
4884,1
4885,1
4886,0
4887,0
4888,0
4889,0
4890,0
4891,0
4892,1
4893,1
4894,0
4895,1
4896,1
4897,0
4898,1
4899,1
4900,1
4901,1
4902,0
4903,1
4904,0
4905,0
4906,1
4907,1
4908,0
4909,1
4910,0
4911,1
4912,1
4913,1
4914,1
4915,1
4916,1
4917,1
4918,1
4919,1
4920,0
4921,1
4922,1
4923,1
4924,1
4925,1
4926,0
4927,1
4928,1
4929,1
4930,0
4931,1
4932,0
4933,1
4934,0
4935,0
4936,1
4937,0
4938,1
4939,0
4940,0
4941,1
4942,0
4943,0
4944,1
4945,1
4946,0
4947,0
4948,1
4949,1
4950,0
4951,1
4952,0
4953,0
4954,0
4955,0
4956,0
4957,0
4958,0
4959,0
4960,1
4961,1
4962,1
4963,1
4964,1
4965,0
4966,0
4967,1
4968,0
4969,1
4970,0
4971,0
4972,0
4973,1
4974,1
4975,1
4976,0
4977,1
4978,1
4979,0
4980,1
4981,1
4982,0
4983,1
4984,1
4985,0
4986,0
4987,1
4988,0
4989,0
4990,1
4991,1
4992,0
4993,0
4994,1
4995,1
4996,1
4997,0
4998,1
4999,1
5000,1
5001,1
5002,1
5003,1
5004,0
5005,1
5006,0
5007,1
5008,1
5009,0
5010,1
5011,0
5012,1
5013,0
5014,1
5015,0
5016,1
5017,0
5018,1
5019,0
5020,0
5021,0
5022,0
5023,0
5024,0
5025,0
5026,1
5027,1
5028,0
5029,1
5030,0
5031,1
5032,0
5033,0
5034,1
5035,0
5036,1
5037,1
5038,1
5039,1
5040,1
5041,1
5042,0
5043,0
5044,1
5045,0
5046,1
5047,1
5048,1
5049,1
5050,0
5051,0
5052,1
5053,0
5054,0
5055,1
5056,0
5057,0
5058,0
5059,1
5060,0
5061,0
5062,0
5063,1
5064,1
5065,1
5066,0
5067,0
5068,1
5069,1
5070,1
5071,0
5072,0
5073,0
5074,0
5075,1
5076,1
5077,0
5078,0
5079,0
5080,1
5081,0
5082,0
5083,1
5084,1
5085,0
5086,0
5087,0
5088,0
5089,1
5090,1
5091,1
5092,1
5093,1
5094,0
5095,0
5096,0
5097,0
5098,0
5099,1
5100,0
5101,1
5102,0
5103,1
5104,0
5105,0
5106,0
5107,1
5108,1
5109,1
5110,1
5111,1
5112,0
5113,0
5114,0
5115,0
5116,1
5117,0
5118,0
5119,0
5120,1
5121,1
5122,0
5123,0
5124,0
5125,0
5126,1
5127,0
5128,0
5129,0
5130,1
5131,0
5132,0
5133,0
5134,0
5135,1
5136,0
5137,1
5138,1
5139,0
5140,1
5141,0
5142,1
5143,1
5144,0
5145,1
5146,1
5147,0
5148,0
5149,0
5150,0
5151,1
5152,1
5153,0
5154,0
5155,1
5156,1
5157,1
5158,0
5159,0
5160,0
5161,1
5162,0
5163,0
5164,0
5165,0
5166,0
5167,0
5168,1
5169,0
5170,1
5171,1
5172,1
5173,0
5174,0
5175,1
5176,1
5177,1
5178,0
5179,1
5180,1
5181,1
5182,1
5183,0
5184,1
5185,0
5186,0
5187,1
5188,1
5189,1
5190,0
5191,0
5192,1
5193,1
5194,0
5195,1
5196,0
5197,1
5198,0
5199,0
5200,0
5201,1
5202,0
5203,1
5204,1
5205,0
5206,0
5207,0
5208,1
5209,1
5210,1
5211,0
5212,0
5213,0
5214,1
5215,0
5216,0
5217,0
5218,0
5219,0
5220,1
5221,0
5222,1
5223,0
5224,1
5225,1
5226,0
5227,1
5228,0
5229,0
5230,1
5231,0
5232,1
5233,1
5234,0
5235,1
5236,0
5237,0
5238,1
5239,0
5240,0
5241,1
5242,1
5243,1
5244,1
5245,1
5246,1
5247,1
5248,1
5249,0
5250,1
5251,1
5252,1
5253,0
5254,1
5255,1
5256,0
5257,0
5258,1
5259,0
5260,1
5261,1
5262,0
5263,0
5264,1
5265,1
5266,0
5267,1
5268,1
5269,1
5270,0
5271,1
5272,1
5273,0
5274,1
5275,0
5276,0
5277,0
5278,1
5279,0
5280,1
5281,1
5282,0
5283,0
5284,0
5285,1
5286,1
5287,1
5288,0
5289,1
5290,0
5291,1
5292,1
5293,0
5294,1
5295,1
5296,0
5297,0
5298,0
5299,1
5300,0
5301,0
5302,1
5303,0
5304,1
5305,0
5306,0
5307,0
5308,1
5309,0
5310,1
5311,0
5312,1
5313,0
5314,1
5315,1
5316,1
5317,0
5318,0
5319,0
5320,1
5321,1
5322,1
5323,0
5324,1
5325,1
5326,0
5327,1
5328,0
5329,1
5330,0
5331,0
5332,0
5333,1
5334,1
5335,1
5336,1
5337,1
5338,1
5339,1
5340,0
5341,0
5342,1
5343,0
5344,1
5345,1
5346,0
5347,0
5348,0
5349,0
5350,0
5351,0
5352,0
5353,1
5354,0
5355,0
5356,1
5357,0
5358,0
5359,1
5360,0
5361,1
5362,1
5363,1
5364,0
5365,0
5366,1
5367,1
5368,1
5369,1
5370,0
5371,1
5372,1
5373,1
5374,1
5375,0
5376,0
5377,1
5378,1
5379,1
5380,0
5381,0
5382,0
5383,1
5384,1
5385,1
5386,1
5387,1
5388,0
5389,0
5390,0
5391,0
5392,1
5393,0
5394,1
5395,1
5396,0
5397,0
5398,0
5399,0
5400,0
5401,1
5402,1
5403,1
5404,1
5405,1
5406,1
5407,0
5408,1
5409,1
5410,0
5411,0
5412,1
5413,1
5414,0
5415,0
5416,1
5417,0
5418,1
5419,1
5420,1
5421,1
5422,0
5423,0
5424,0
5425,0
5426,1
5427,0
5428,0
5429,0
5430,1
5431,1
5432,1
5433,1
5434,1
5435,0
5436,1
5437,1
5438,1
5439,0
5440,1
5441,1
5442,1
5443,1
5444,0
5445,1
5446,1
5447,0
5448,0
5449,1
5450,1
5451,1
5452,1
5453,1
5454,1
5455,1
5456,1
5457,1
5458,0
5459,0
5460,1
5461,0
5462,0
5463,1
5464,1
5465,0
5466,1
5467,1
5468,1
5469,0
5470,1
5471,1
5472,1
5473,0
5474,1
5475,0
5476,1
5477,0
5478,1
5479,1
5480,0
5481,1
5482,1
5483,0
5484,1
5485,1
5486,1
5487,1
5488,1
5489,1
5490,0
5491,0
5492,1
5493,0
5494,0
5495,0
5496,1
5497,1
5498,1
5499,1
5500,0
5501,1
5502,0
5503,1
5504,1
5505,1
5506,1
5507,1
5508,1
5509,1
5510,0
5511,0
5512,0
5513,1
5514,0
5515,0
5516,1
5517,1
5518,0
5519,0
5520,1
5521,1
5522,1
5523,0
5524,1
5525,0
5526,1
5527,0
5528,0
5529,1
5530,0
5531,1
5532,1
5533,1
5534,1
5535,0
5536,1
5537,0
5538,1
5539,1
5540,0
5541,0
5542,0
5543,0
5544,1
5545,1
5546,0
5547,1
5548,1
5549,0
5550,1
5551,1
5552,1
5553,0
5554,1
5555,1
5556,0
5557,0
5558,0
5559,0
5560,0
5561,0
5562,0
5563,1
5564,1
5565,1
5566,0
5567,1
5568,0
5569,1
5570,0
5571,1
5572,1
5573,1
5574,1
5575,1
5576,0
5577,1
5578,1
5579,0
5580,1
5581,0
5582,1
5583,1
5584,0
5585,1
5586,1
5587,0
5588,1
5589,1
5590,1
5591,0
5592,0
5593,1
5594,0
5595,0
5596,0
5597,1
5598,0
5599,0
5600,0
5601,1
5602,1
5603,0
5604,1
5605,1
5606,1
5607,0
5608,0
5609,0
5610,1
5611,0
5612,0
5613,0
5614,0
5615,1
5616,1
5617,0
5618,1
5619,0
5620,1
5621,1
5622,0
5623,0
5624,1
5625,0
5626,1
5627,1
5628,0
5629,0
5630,0
5631,0
5632,0
5633,1
5634,0
5635,0
5636,0
5637,0
5638,0
5639,1
5640,0
5641,0
5642,0
5643,0
5644,1
5645,1
5646,1
5647,0
5648,1
5649,1
5650,0
5651,0
5652,1
5653,0
5654,0
5655,0
5656,1
5657,1
5658,1
5659,0
5660,0
5661,1
5662,1
5663,0
5664,0
5665,1
5666,1
5667,0
5668,0
5669,0
5670,1
5671,1
5672,1
5673,1
5674,1
5675,1
5676,0
5677,0
5678,0
5679,0
5680,0
5681,0
5682,1
5683,0
5684,1
5685,0
5686,1
5687,1
5688,0
5689,1
5690,1
5691,1
5692,1
5693,1
5694,0
5695,1
5696,1
5697,1
5698,0
5699,0
5700,0
5701,1
5702,0
5703,1
5704,1
5705,1
5706,1
5707,1
5708,1
5709,1
5710,0
5711,1
5712,1
5713,0
5714,1
5715,0
5716,0
5717,0
5718,0
5719,1
5720,1
5721,1
5722,1
5723,1
5724,0
5725,0
5726,0
5727,1
5728,0
5729,0
5730,0
5731,1
5732,0
5733,1
5734,0
5735,1
5736,1
5737,0
5738,0
5739,1
5740,1
5741,1
5742,1
5743,0
5744,0
5745,1
5746,1
5747,1
5748,0
5749,1
5750,1
5751,1
5752,0
5753,0
5754,1
5755,0
5756,0
5757,1
5758,0
5759,0
5760,0
5761,1
5762,1
5763,0
5764,0
5765,0
5766,1
5767,1
5768,1
5769,1
5770,1
5771,1
5772,0
5773,0
5774,0
5775,1
5776,1
5777,0
5778,0
5779,1
5780,0
5781,0
5782,0
5783,1
5784,0
5785,1
5786,0
5787,1
5788,0
5789,0
5790,0
5791,1
5792,0
5793,1
5794,1
5795,0
5796,1
5797,0
5798,1
5799,0
5800,1
5801,1
5802,1
5803,1
5804,0
5805,1
5806,1
5807,0
5808,0
5809,1
5810,1
5811,1
5812,1
5813,1
5814,1
5815,1
5816,1
5817,0
5818,0
5819,1
5820,1
5821,1
5822,1
5823,0
5824,0
5825,0
5826,1
5827,1
5828,0
5829,1
5830,1
5831,1
5832,0
5833,0
5834,1
5835,1
5836,1
5837,0
5838,0
5839,0
5840,0
5841,0
5842,1
5843,1
5844,0
5845,0
5846,1
5847,0
5848,1
5849,0
5850,1
5851,0
5852,0
5853,0
5854,0
5855,0
5856,1
5857,0
5858,0
5859,0
5860,0
5861,1
5862,1
5863,0
5864,1
5865,1
5866,0
5867,0
5868,1
5869,0
5870,0
5871,1
5872,1
5873,1
5874,0
5875,0
5876,1
5877,0
5878,1
5879,1
5880,0
5881,1
5882,1
5883,0
5884,1
5885,0
5886,1
5887,1
5888,1
5889,1
5890,0
5891,1
5892,1
5893,1
5894,1
5895,0
5896,0
5897,1
5898,0
5899,1
5900,1
5901,0
5902,1
5903,1
5904,1
5905,1
5906,0
5907,0
5908,1
5909,1
5910,1
5911,1
5912,1
5913,1
5914,0
5915,1
5916,0
5917,1
5918,1
5919,0
5920,1
5921,0
5922,0
5923,1
5924,1
5925,0
5926,1
5927,1
5928,1
5929,0
5930,0
5931,1
5932,1
5933,0
5934,0
5935,1
5936,0
5937,0
5938,1
5939,1
5940,0
5941,1
5942,0
5943,0
5944,1
5945,1
5946,0
5947,1
5948,1
5949,1
5950,1
5951,0
5952,1
5953,0
5954,0
5955,1
5956,0
5957,0
5958,0
5959,1
5960,1
5961,1
5962,0
5963,1
5964,1
5965,0
5966,1
5967,0
5968,1
5969,1
5970,0
5971,0
5972,0
5973,1
5974,0
5975,0
5976,1
5977,1
5978,0
5979,0
5980,1
5981,1
5982,0
5983,1
5984,0
5985,1
5986,0
5987,1
5988,1
5989,1
5990,0
5991,1
5992,0
5993,0
5994,1
5995,1
5996,1
5997,1
5998,1
5999,0
6000,0
6001,1
6002,1
6003,1
6004,0
6005,1
6006,0
6007,0
6008,1
6009,0
6010,1
6011,1
6012,1
6013,1
6014,1
6015,0
6016,0
6017,1
6018,1
6019,0
6020,0
6021,1
6022,1
6023,1
6024,1
6025,0
6026,1
6027,0
6028,1
6029,1
6030,1
6031,0
6032,1
6033,0
6034,1
6035,1
6036,1
6037,0
6038,0
6039,1
6040,0
6041,1
6042,1
6043,1
6044,1
6045,0
6046,0
6047,1
6048,0
6049,1
6050,1
6051,0
6052,1
6053,1
6054,1
6055,1
6056,0
6057,1
6058,0
6059,0
6060,1
6061,1
6062,1
6063,1
6064,1
6065,0
6066,1
6067,0
6068,1
6069,1
6070,1
6071,0
6072,1
6073,1
6074,1
6075,1
6076,0
6077,0
6078,1
6079,1
6080,1
6081,1
6082,1
6083,1
6084,0
6085,1
6086,0
6087,1
6088,0
6089,1
6090,0
6091,0
6092,1
6093,0
6094,1
6095,0
6096,1
6097,0
6098,0
6099,1
6100,1
6101,0
6102,1
6103,1
6104,0
6105,0
6106,1
6107,1
6108,1
6109,1
6110,1
6111,1
6112,1
6113,1
6114,1
6115,1
6116,0
6117,1
6118,0
6119,1
6120,0
6121,1
6122,1
6123,1
6124,1
6125,1
6126,1
6127,1
6128,0
6129,0
6130,1
6131,0
6132,1
6133,0
6134,1
6135,0
6136,0
6137,1
6138,1
6139,1
6140,1
6141,1
6142,1
6143,0
6144,1
6145,0
6146,0
6147,1
6148,1
6149,0
6150,1
6151,1
6152,1
6153,1
6154,1
6155,0
6156,0
6157,0
6158,0
6159,0
6160,0
6161,0
6162,0
6163,0
6164,0
6165,1
6166,1
6167,1
6168,0
6169,1
6170,0
6171,0
6172,1
6173,0
6174,0
6175,0
6176,0
6177,0
6178,0
6179,0
6180,0
6181,0
6182,1
6183,1
6184,1
6185,0
6186,0
6187,1
6188,1
6189,1
6190,0
6191,0
6192,0
6193,1
6194,0
6195,1
6196,1
6197,1
6198,0
6199,1
6200,1
6201,0
6202,1
6203,1
6204,1
6205,1
6206,1
6207,1
6208,0
6209,1
6210,1
6211,0
6212,0
6213,0
6214,1
6215,0
6216,0
6217,1
6218,1
6219,1
6220,0
6221,0
6222,0
6223,1
6224,0
6225,0
6226,0
6227,1
6228,0
6229,1
6230,1
6231,0
6232,1
6233,0
6234,1
6235,1
6236,1
6237,0
6238,1
6239,1
6240,0
6241,1
6242,0
6243,0
6244,0
6245,1
6246,0
6247,0
6248,1
6249,1
6250,0
6251,0
6252,0
6253,0
6254,0
6255,0
6256,0
6257,1
6258,1
6259,0
6260,1
6261,1
6262,0
6263,0
6264,1
6265,1
6266,0
6267,0
6268,1
6269,0
6270,0
6271,1
6272,0
6273,1
6274,0
6275,1
6276,1
6277,1
6278,1
6279,1
6280,1
6281,0
6282,0
6283,1
6284,1
6285,1
6286,0
6287,0
6288,1
6289,1
6290,0
6291,0
6292,1
6293,1
6294,1
6295,0
6296,0
6297,1
6298,1
6299,0
6300,1
6301,1
6302,0
6303,1
6304,1
6305,1
6306,0
6307,0
6308,1
6309,1
6310,0
6311,1
6312,0
6313,0
6314,1
6315,0
6316,1
6317,1
6318,0
6319,1
6320,1
6321,1
6322,1
6323,1
6324,1
6325,0
6326,0
6327,1
6328,0
6329,0
6330,1
6331,1
6332,1
6333,0
6334,0
6335,0
6336,1
6337,0
6338,0
6339,1
6340,0
6341,1
6342,1
6343,1
6344,1
6345,1
6346,0
6347,1
6348,1
6349,1
6350,1
6351,1
6352,1
6353,1
6354,1
6355,1
6356,1
6357,1
6358,0
6359,0
6360,0
6361,0
6362,0
6363,1
6364,1
6365,0
6366,1
6367,1
6368,0
6369,0
6370,0
6371,1
6372,0
6373,0
6374,1
6375,0
6376,1
6377,1
6378,1
6379,0
6380,1
6381,0
6382,1
6383,1
6384,1
6385,0
6386,1
6387,1
6388,0
6389,1
6390,1
6391,0
6392,1
6393,0
6394,1
6395,0
6396,0
6397,0
6398,0
6399,1
6400,1
6401,0
6402,0
6403,1
6404,1
6405,1
6406,1
6407,1
6408,0
6409,0
6410,1
6411,1
6412,0
6413,1
6414,1
6415,1
6416,1
6417,1
6418,0
6419,1
6420,0
6421,1
6422,0
6423,0
6424,0
6425,0
6426,1
6427,0
6428,0
6429,1
6430,0
6431,0
6432,0
6433,1
6434,1
6435,1
6436,1
6437,0
6438,0
6439,1
6440,0
6441,0
6442,0
6443,0
6444,0
6445,1
6446,0
6447,0
6448,1
6449,1
6450,0
6451,0
6452,0
6453,0
6454,0
6455,1
6456,1
6457,0
6458,0
6459,0
6460,1
6461,1
6462,1
6463,1
6464,1
6465,0
6466,1
6467,1
6468,1
6469,0
6470,1
6471,0
6472,0
6473,1
6474,1
6475,1
6476,1
6477,0
6478,1
6479,0
6480,1
6481,0
6482,1
6483,0
6484,1
6485,0
6486,0
6487,0
6488,0
6489,0
6490,0
6491,1
6492,0
6493,1
6494,1
6495,1
6496,0
6497,1
6498,0
6499,0
6500,0
6501,1
6502,1
6503,0
6504,0
6505,0
6506,1
6507,1
6508,1
6509,1
6510,1
6511,1
6512,0
6513,0
6514,0
6515,0
6516,1
6517,1
6518,1
6519,0
6520,1
6521,1
6522,0
6523,0
6524,1
6525,0
6526,1
6527,0
6528,1
6529,0
6530,1
6531,1
6532,1
6533,1
6534,0
6535,1
6536,0
6537,0
6538,1
6539,0
6540,1
6541,0
6542,1
6543,1
6544,0
6545,1
6546,1
6547,0
6548,0
6549,1
6550,0
6551,1
6552,1
6553,1
6554,0
6555,1
6556,1
6557,0
6558,1
6559,0
6560,0
6561,1
6562,1
6563,1
6564,0
6565,1
6566,1
6567,0
6568,0
6569,1
6570,0
6571,1
6572,0
6573,0
6574,1
6575,1
6576,1
6577,0
6578,1
6579,0
6580,0
6581,0
6582,0
6583,0
6584,1
6585,0
6586,0
6587,0
6588,1
6589,0
6590,0
6591,1
6592,0
6593,1
6594,1
6595,0
6596,0
6597,0
6598,1
6599,0
6600,0
6601,0
6602,1
6603,0
6604,0
6605,1
6606,0
6607,1
6608,0
6609,1
6610,0
6611,0
6612,1
6613,0
6614,1
6615,1
6616,1
6617,1
6618,0
6619,0
6620,1
6621,1
6622,1
6623,0
6624,1
6625,0
6626,1
6627,0
6628,1
6629,1
6630,1
6631,1
6632,1
6633,1
6634,1
6635,0
6636,1
6637,1
6638,1
6639,0
6640,1
6641,1
6642,0
6643,1
6644,0
6645,1
6646,1
6647,1
6648,0
6649,1
6650,1
6651,1
6652,0
6653,0
6654,0
6655,1
6656,0
6657,0
6658,0
6659,0
6660,0
6661,0
6662,1
6663,1
6664,0
6665,0
6666,0
6667,0
6668,1
6669,1
6670,0
6671,1
6672,1
6673,0
6674,0
6675,1
6676,0
6677,0
6678,0
6679,1
6680,0
6681,1
6682,0
6683,1
6684,1
6685,1
6686,0
6687,0
6688,0
6689,1
6690,1
6691,0
6692,0
6693,0
6694,0
6695,0
6696,0
6697,1
6698,1
6699,0
6700,1
6701,0
6702,0
6703,0
6704,0
6705,1
6706,0
6707,0
6708,1
6709,1
6710,1
6711,1
6712,0
6713,0
6714,1
6715,1
6716,0
6717,1
6718,1
6719,1
6720,1
6721,0
6722,1
6723,1
6724,0
6725,0
6726,0
6727,1
6728,0
6729,0
6730,0
6731,0
6732,1
6733,0
6734,0
6735,1
6736,1
6737,0
6738,1
6739,0
6740,0
6741,0
6742,1
6743,1
6744,1
6745,1
6746,1
6747,0
6748,0
6749,0
6750,1
6751,0
6752,0
6753,1
6754,0
6755,1
6756,1
6757,0
6758,1
6759,1
6760,0
6761,1
6762,0
6763,1
6764,1
6765,1
6766,1
6767,0
6768,1
6769,0
6770,0
6771,1
6772,0
6773,1
6774,1
6775,1
6776,1
6777,1
6778,1
6779,0
6780,1
6781,0
6782,0
6783,0
6784,1
6785,1
6786,1
6787,1
6788,1
6789,1
6790,1
6791,1
6792,1
6793,0
6794,1
6795,1
6796,1
6797,1
6798,0
6799,0
6800,1
6801,0
6802,1
6803,1
6804,0
6805,1
6806,0
6807,1
6808,1
6809,1
6810,0
6811,0
6812,0
6813,1
6814,0
6815,1
6816,1
6817,0
6818,0
6819,0
6820,1
6821,1
6822,1
6823,1
6824,1
6825,1
6826,1
6827,1
6828,1
6829,1
6830,0
6831,1
6832,0
6833,0
6834,0
6835,1
6836,1
6837,1
6838,0
6839,0
6840,0
6841,0
6842,1
6843,1
6844,0
6845,0
6846,0
6847,1
6848,0
6849,1
6850,0
6851,0
6852,0
6853,0
6854,1
6855,1
6856,1
6857,1
6858,0
6859,0
6860,0
6861,1
6862,1
6863,1
6864,0
6865,1
6866,0
6867,0
6868,0
6869,0
6870,0
6871,1
6872,1
6873,1
6874,0
6875,0
6876,1
6877,0
6878,1
6879,1
6880,0
6881,1
6882,1
6883,0
6884,1
6885,0
6886,0
6887,0
6888,1
6889,1
6890,0
6891,0
6892,0
6893,0
6894,1
6895,1
6896,1
6897,1
6898,1
6899,0
6900,1
6901,1
6902,0
6903,1
6904,1
6905,1
6906,0
6907,1
6908,1
6909,1
6910,1
6911,1
6912,1
6913,0
6914,1
6915,0
6916,0
6917,1
6918,0
6919,1
6920,1
6921,0
6922,0
6923,0
6924,0
6925,0
6926,0
6927,0
6928,0
6929,1
6930,1
6931,1
6932,1
6933,1
6934,1
6935,0
6936,0
6937,0
6938,0
6939,0
6940,0
6941,0
6942,1
6943,0
6944,0
6945,1
6946,0
6947,0
6948,1
6949,0
6950,0
6951,1
6952,0
6953,1
6954,0
6955,1
6956,0
6957,1
6958,1
6959,0
6960,0
6961,1
6962,0
6963,0
6964,1
6965,1
6966,1
6967,0
6968,1
6969,0
6970,1
6971,1
6972,0
6973,0
6974,1
6975,1
6976,0
6977,0
6978,0
6979,1
6980,1
6981,0
6982,1
6983,1
6984,1
6985,0
6986,0
6987,0
6988,1
6989,0
6990,1
6991,1
6992,1
6993,1
6994,0
6995,1
6996,0
6997,1
6998,0
6999,1
7000,0
7001,1
7002,0
7003,1
7004,1
7005,1
7006,1
7007,1
7008,1
7009,0
7010,0
7011,1
7012,1
7013,0
7014,0
7015,1
7016,1
7017,1
7018,0
7019,0
7020,0
7021,1
7022,0
7023,1
7024,0
7025,0
7026,1
7027,1
7028,0
7029,1
7030,1
7031,0
7032,1
7033,0
7034,1
7035,0
7036,0
7037,0
7038,1
7039,0
7040,0
7041,0
7042,0
7043,0
7044,0
7045,0
7046,1
7047,0
7048,1
7049,0
7050,1
7051,1
7052,1
7053,1
7054,1
7055,1
7056,1
7057,1
7058,0
7059,0
7060,0
7061,0
7062,1
7063,0
7064,1
7065,0
7066,0
7067,0
7068,1
7069,1
7070,0
7071,1
7072,1
7073,0
7074,0
7075,1
7076,0
7077,0
7078,0
7079,0
7080,1
7081,1
7082,1
7083,1
7084,1
7085,1
7086,0
7087,1
7088,0
7089,1
7090,0
7091,1
7092,0
7093,1
7094,0
7095,0
7096,0
7097,1
7098,1
7099,0
7100,1
7101,1
7102,1
7103,0
7104,0
7105,0
7106,1
7107,0
7108,0
7109,1
7110,1
7111,0
7112,0
7113,1
7114,1
7115,0
7116,1
7117,0
7118,0
7119,1
7120,0
7121,0
7122,0
7123,0
7124,0
7125,1
7126,1
7127,1
7128,0
7129,1
7130,0
7131,1
7132,1
7133,1
7134,0
7135,1
7136,0
7137,0
7138,0
7139,1
7140,0
7141,1
7142,1
7143,0
7144,1
7145,1
7146,1
7147,0
7148,0
7149,1
7150,1
7151,1
7152,1
7153,1
7154,1
7155,0
7156,0
7157,1
7158,1
7159,1
7160,0
7161,0
7162,1
7163,0
7164,1
7165,0
7166,0
7167,1
7168,1
7169,0
7170,1
7171,1
7172,1
7173,0
7174,0
7175,0
7176,1
7177,0
7178,0
7179,0
7180,0
7181,1
7182,1
7183,1
7184,1
7185,1
7186,1
7187,1
7188,0
7189,1
7190,0
7191,0
7192,1
7193,1
7194,0
7195,0
7196,1
7197,0
7198,0
7199,0
7200,0
7201,0
7202,0
7203,0
7204,1
7205,1
7206,0
7207,1
7208,0
7209,1
7210,1
7211,0
7212,0
7213,1
7214,1
7215,0
7216,0
7217,1
7218,0
7219,0
7220,1
7221,1
7222,1
7223,0
7224,1
7225,1
7226,0
7227,1
7228,0
7229,0
7230,0
7231,0
7232,1
7233,1
7234,0
7235,1
7236,0
7237,0
7238,1
7239,1
7240,1
7241,1
7242,1
7243,0
7244,1
7245,0
7246,0
7247,0
7248,0
7249,0
7250,1
7251,0
7252,0
7253,1
7254,1
7255,0
7256,1
7257,0
7258,0
7259,1
7260,1
7261,1
7262,1
7263,1
7264,0
7265,0
7266,1
7267,1
7268,1
7269,0
7270,0
7271,1
7272,0
7273,0
7274,1
7275,1
7276,1
7277,1
7278,0
7279,1
7280,1
7281,1
7282,0
7283,1
7284,1
7285,1
7286,0
7287,1
7288,0
7289,1
7290,1
7291,1
7292,1
7293,0
7294,0
7295,1
7296,1
7297,1
7298,0
7299,1
7300,1
7301,1
7302,1
7303,0
7304,1
7305,1
7306,1
7307,0
7308,1
7309,1
7310,1
7311,1
7312,1
7313,1
7314,1
7315,0
7316,1
7317,1
7318,1
7319,1
7320,1
7321,0
7322,1
7323,1
7324,1
7325,1
7326,1
7327,1
7328,0
7329,0
7330,1
7331,0
7332,0
7333,1
7334,0
7335,0
7336,0
7337,1
7338,1
7339,1
7340,0
7341,1
7342,1
7343,1
7344,0
7345,1
7346,1
7347,0
7348,1
7349,1
7350,1
7351,0
7352,0
7353,0
7354,0
7355,0
7356,0
7357,0
7358,0
7359,1
7360,0
7361,0
7362,0
7363,1
7364,0
7365,1
7366,1
7367,0
7368,1
7369,1
7370,1
7371,1
7372,0
7373,1
7374,0
7375,0
7376,1
7377,1
7378,1
7379,1
7380,0
7381,1
7382,1
7383,0
7384,1
7385,1
7386,1
7387,1
7388,1
7389,0
7390,0
7391,0
7392,1
7393,1
7394,0
7395,1
7396,1
7397,0
7398,1
7399,1
7400,1
7401,1
7402,0
7403,0
7404,1
7405,0
7406,1
7407,1
7408,0
7409,1
7410,1
7411,0
7412,1
7413,0
7414,1
7415,1
7416,0
7417,1
7418,1
7419,1
7420,0
7421,1
7422,0
7423,0
7424,1
7425,0
7426,0
7427,1
7428,0
7429,0
7430,1
7431,1
7432,1
7433,0
7434,0
7435,1
7436,0
7437,1
7438,0
7439,1
7440,0
7441,1
7442,0
7443,1
7444,0
7445,0
7446,1
7447,0
7448,1
7449,1
7450,1
7451,0
7452,0
7453,0
7454,1
7455,1
7456,1
7457,1
7458,1
7459,0
7460,0
7461,1
7462,1
7463,0
7464,1
7465,0
7466,1
7467,0
7468,1
7469,0
7470,1
7471,0
7472,0
7473,0
7474,1
7475,1
7476,1
7477,0
7478,1
7479,0
7480,1
7481,1
7482,1
7483,1
7484,1
7485,1
7486,1
7487,1
7488,1
7489,0
7490,1
7491,0
7492,0
7493,0
7494,1
7495,1
7496,1
7497,0
7498,0
7499,1
7500,0
7501,0
7502,0
7503,0
7504,0
7505,1
7506,1
7507,1
7508,1
7509,1
7510,1
7511,1
7512,1
7513,0
7514,0
7515,1
7516,0
7517,1
7518,0
7519,1
7520,1
7521,0
7522,1
7523,1
7524,1
7525,1
7526,0
7527,1
7528,0
7529,1
7530,1
7531,1
7532,1
7533,1
7534,0
7535,1
7536,1
7537,0
7538,1
7539,0
7540,1
7541,0
7542,1
7543,0
7544,0
7545,1
7546,0
7547,0
7548,1
7549,1
7550,0
7551,1
7552,1
7553,0
7554,1
7555,1
7556,1
7557,0
7558,1
7559,0
7560,1
7561,1
7562,0
7563,1
7564,0
7565,0
7566,1
7567,1
7568,0
7569,1
7570,0
7571,0
7572,1
7573,1
7574,0
7575,0
7576,0
7577,1
7578,1
7579,1
7580,1
7581,0
7582,1
7583,1
7584,1
7585,0
7586,1
7587,1
7588,0
7589,1
7590,1
7591,0
7592,0
7593,0
7594,1
7595,1
7596,1
7597,1
7598,0
7599,0
7600,0
7601,1
7602,0
7603,1
7604,1
7605,0
7606,0
7607,1
7608,0
7609,0
7610,1
7611,1
7612,1
7613,1
7614,0
7615,0
7616,1
7617,1
7618,1
7619,1
7620,1
7621,1
7622,0
7623,0
7624,0
7625,1
7626,0
7627,0
7628,1
7629,0
7630,0
7631,1
7632,1
7633,1
7634,0
7635,1
7636,1
7637,0
7638,1
7639,1
7640,1
7641,1
7642,1
7643,0
7644,1
7645,1
7646,0
7647,1
7648,0
7649,1
7650,0
7651,0
7652,1
7653,1
7654,1
7655,1
7656,0
7657,0
7658,0
7659,1
7660,1
7661,1
7662,1
7663,0
7664,1
7665,1
7666,1
7667,0
7668,1
7669,1
7670,0
7671,0
7672,1
7673,1
7674,1
7675,0
7676,1
7677,0
7678,1
7679,0
7680,1
7681,1
7682,0
7683,0
7684,1
7685,1
7686,0
7687,1
7688,1
7689,0
7690,1
7691,1
7692,0
7693,0
7694,0
7695,0
7696,1
7697,0
7698,1
7699,1
7700,1
7701,1
7702,0
7703,1
7704,0
7705,0
7706,1
7707,1
7708,1
7709,1
7710,0
7711,1
7712,0
7713,1
7714,1
7715,1
7716,1
7717,1
7718,0
7719,1
7720,1
7721,1
7722,1
7723,1
7724,1
7725,1
7726,0
7727,1
7728,1
7729,0
7730,1
7731,0
7732,1
7733,1
7734,1
7735,0
7736,1
7737,1
7738,0
7739,0
7740,1
7741,1
7742,1
7743,0
7744,1
7745,1
7746,0
7747,0
7748,1
7749,0
7750,0
7751,0
7752,0
7753,0
7754,1
7755,1
7756,0
7757,1
7758,1
7759,0
7760,1
7761,1
7762,0
7763,0
7764,1
7765,1
7766,0
7767,1
7768,0
7769,1
7770,0
7771,0
7772,0
7773,1
7774,1
7775,1
7776,1
7777,0
7778,0
7779,0
7780,0
7781,0
7782,0
7783,0
7784,0
7785,0
7786,1
7787,0
7788,1
7789,0
7790,1
7791,1
7792,0
7793,0
7794,0
7795,0
7796,1
7797,1
7798,0
7799,1
7800,0
7801,1
7802,1
7803,1
7804,1
7805,0
7806,0
7807,1
7808,0
7809,1
7810,0
7811,1
7812,1
7813,0
7814,0
7815,1
7816,1
7817,1
7818,1
7819,0
7820,1
7821,1
7822,0
7823,1
7824,0
7825,0
7826,0
7827,0
7828,0
7829,1
7830,1
7831,1
7832,1
7833,0
7834,1
7835,1
7836,1
7837,0
7838,0
7839,0
7840,0
7841,0
7842,1
7843,1
7844,0
7845,1
7846,1
7847,1
7848,0
7849,0
7850,1
7851,0
7852,1
7853,1
7854,1
7855,0
7856,1
7857,1
7858,1
7859,0
7860,1
7861,0
7862,1
7863,0
7864,1
7865,0
7866,1
7867,1
7868,1
7869,1
7870,1
7871,0
7872,1
7873,0
7874,1
7875,0
7876,1
7877,0
7878,1
7879,1
7880,0
7881,1
7882,0
7883,0
7884,1
7885,1
7886,1
7887,1
7888,1
7889,0
7890,0
7891,0
7892,0
7893,1
7894,1
7895,0
7896,0
7897,1
7898,1
7899,1
7900,1
7901,0
7902,1
7903,0
7904,1
7905,0
7906,0
7907,1
7908,1
7909,0
7910,1
7911,0
7912,0
7913,0
7914,1
7915,1
7916,1
7917,1
7918,1
7919,0
7920,1
7921,1
7922,1
7923,1
7924,1
7925,1
7926,1
7927,1
7928,0
7929,1
7930,0
7931,1
7932,1
7933,0
7934,0
7935,0
7936,0
7937,0
7938,1
7939,0
7940,1
7941,0
7942,0
7943,0
7944,0
7945,1
7946,0
7947,1
7948,1
7949,0
7950,0
7951,0
7952,0
7953,0
7954,1
7955,1
7956,0
7957,1
7958,0
7959,0
7960,1
7961,0
7962,1
7963,1
7964,0
7965,1
7966,1
7967,0
7968,1
7969,1
7970,1
7971,1
7972,1
7973,0
7974,0
7975,0
7976,1
7977,0
7978,0
7979,1
7980,0
7981,1
7982,0
7983,1
7984,0
7985,0
7986,1
7987,1
7988,0
7989,1
7990,0
7991,0
7992,1
7993,0
7994,0
7995,1
7996,0
7997,1
7998,1
7999,1
8000,0
8001,1
8002,1
8003,0
8004,1
8005,1
8006,1
8007,1
8008,1
8009,1
8010,1
8011,1
8012,1
8013,1
8014,1
8015,0
8016,0
8017,0
8018,0
8019,1
8020,1
8021,1
8022,1
8023,1
8024,1
8025,0
8026,1
8027,0
8028,0
8029,0
8030,0
8031,0
8032,1
8033,1
8034,0
8035,1
8036,1
8037,1
8038,1
8039,0
8040,0
8041,0
8042,0
8043,0
8044,1
8045,0
8046,1
8047,0
8048,1
8049,0
8050,0
8051,0
8052,1
8053,1
8054,0
8055,0
8056,1
8057,0
8058,1
8059,0
8060,1
8061,1
8062,1
8063,1
8064,0
8065,1
8066,1
8067,1
8068,0
8069,0
8070,1
8071,1
8072,1
8073,1
8074,1
8075,1
8076,0
8077,0
8078,1
8079,0
8080,1
8081,0
8082,0
8083,1
8084,1
8085,0
8086,1
8087,1
8088,1
8089,0
8090,0
8091,1
8092,1
8093,0
8094,0
8095,0
8096,1
8097,0
8098,0
8099,1
8100,0
8101,1
8102,0
8103,0
8104,0
8105,0
8106,0
8107,1
8108,0
8109,1
8110,0
8111,1
8112,0
8113,0
8114,1
8115,1
8116,0
8117,0
8118,1
8119,1
8120,0
8121,0
8122,0
8123,0
8124,1
8125,0
8126,1
8127,0
8128,0
8129,0
8130,1
8131,0
8132,0
8133,0
8134,0
8135,1
8136,1
8137,1
8138,0
8139,1
8140,1
8141,0
8142,0
8143,0
8144,0
8145,0
8146,1
8147,0
8148,0
8149,0
8150,0
8151,1
8152,0
8153,0
8154,1
8155,1
8156,1
8157,0
8158,0
8159,0
8160,0
8161,1
8162,1
8163,1
8164,1
8165,0
8166,0
8167,0
8168,1
8169,1
8170,0
8171,0
8172,0
8173,0
8174,0
8175,1
8176,0
8177,1
8178,1
8179,1
8180,1
8181,1
8182,0
8183,0
8184,0
8185,1
8186,1
8187,0
8188,0
8189,1
8190,0
8191,0
8192,1
8193,0
8194,1
8195,1
8196,1
8197,1
8198,1
8199,1
8200,0
8201,1
8202,0
8203,1
8204,1
8205,1
8206,0
8207,1
8208,1
8209,1
8210,0
8211,0
8212,0
8213,0
8214,0
8215,1
8216,1
8217,1
8218,0
8219,0
8220,0
8221,0
8222,1
8223,0
8224,0
8225,0
8226,1
8227,0
8228,1
8229,1
8230,1
8231,0
8232,1
8233,0
8234,0
8235,0
8236,0
8237,0
8238,0
8239,0
8240,1
8241,1
8242,1
8243,1
8244,1
8245,1
8246,1
8247,0
8248,0
8249,1
8250,0
8251,0
8252,1
8253,0
8254,1
8255,0
8256,0
8257,0
8258,0
8259,0
8260,0
8261,1
8262,0
8263,1
8264,0
8265,0
8266,1
8267,1
8268,0
8269,0
8270,0
8271,0
8272,1
8273,1
8274,0
8275,1
8276,0
8277,1
8278,1
8279,1
8280,1
8281,1
8282,0
8283,0
8284,1
8285,0
8286,0
8287,0
8288,0
8289,0
8290,1
8291,0
8292,0
8293,0
8294,1
8295,0
8296,0
8297,1
8298,1
8299,0
8300,0
8301,1
8302,0
8303,0
8304,0
8305,1
8306,1
8307,1
8308,0
8309,0
8310,0
8311,0
8312,0
8313,1
8314,0
8315,1
8316,1
8317,1
8318,1
8319,0
8320,0
8321,0
8322,0
8323,1
8324,0
8325,1
8326,0
8327,0
8328,1
8329,1
8330,0
8331,1
8332,1
8333,0
8334,1
8335,1
8336,1
8337,1
8338,1
8339,0
8340,0
8341,1
8342,1
8343,1
8344,1
8345,1
8346,0
8347,0
8348,1
8349,0
8350,1
8351,0
8352,1
8353,1
8354,1
8355,0
8356,1
8357,1
8358,1
8359,0
8360,1
8361,0
8362,0
8363,0
8364,0
8365,1
8366,0
8367,1
8368,1
8369,0
8370,1
8371,1
8372,1
8373,0
8374,1
8375,1
8376,0
8377,0
8378,0
8379,0
8380,1
8381,0
8382,0
8383,1
8384,0
8385,1
8386,1
8387,1
8388,0
8389,1
8390,1
8391,1
8392,1
8393,1
8394,1
8395,1
8396,0
8397,0
8398,0
8399,0
8400,1
8401,1
8402,0
8403,1
8404,1
8405,0
8406,1
8407,0
8408,0
8409,1
8410,1
8411,0
8412,0
8413,0
8414,1
8415,1
8416,0
8417,1
8418,1
8419,0
8420,0
8421,0
8422,0
8423,0
8424,0
8425,0
8426,0
8427,0
8428,1
8429,0
8430,1
8431,1
8432,1
8433,1
8434,0
8435,1
8436,1
8437,0
8438,1
8439,1
8440,1
8441,1
8442,0
8443,0
8444,0
8445,1
8446,0
8447,1
8448,0
8449,1
8450,1
8451,0
8452,0
8453,0
8454,1
8455,1
8456,0
8457,1
8458,1
8459,1
8460,0
8461,0
8462,1
8463,1
8464,1
8465,0
8466,0
8467,1
8468,0
8469,0
8470,0
8471,1
8472,0
8473,1
8474,1
8475,0
8476,0
8477,1
8478,1
8479,1
8480,1
8481,1
8482,0
8483,1
8484,0
8485,0
8486,1
8487,1
8488,1
8489,0
8490,0
8491,1
8492,0
8493,0
8494,0
8495,0
8496,1
8497,0
8498,0
8499,0
8500,1
8501,0
8502,1
8503,0
8504,1
8505,1
8506,1
8507,1
8508,1
8509,1
8510,0
8511,0
8512,1
8513,1
8514,1
8515,1
8516,0
8517,1
8518,0
8519,1
8520,0
8521,1
8522,1
8523,1
8524,0
8525,1
8526,1
8527,1
8528,1
8529,1
8530,1
8531,1
8532,1
8533,1
8534,1
8535,0
8536,1
8537,1
8538,1
8539,0
8540,0
8541,0
8542,0
8543,0
8544,0
8545,1
8546,1
8547,0
8548,0
8549,0
8550,0
8551,1
8552,0
8553,0
8554,0
8555,0
8556,1
8557,0
8558,1
8559,0
8560,0
8561,0
8562,1
8563,0
8564,1
8565,1
8566,1
8567,1
8568,1
8569,1
8570,0
8571,0
8572,1
8573,1
8574,1
8575,1
8576,0
8577,1
8578,0
8579,0
8580,1
8581,0
8582,1
8583,1
8584,0
8585,0
8586,0
8587,1
8588,1
8589,0
8590,0
8591,1
8592,1
8593,1
8594,0
8595,1
8596,1
8597,1
8598,1
8599,0
8600,1
8601,1
8602,1
8603,0
8604,1
8605,1
8606,0
8607,1
8608,1
8609,0
8610,0
8611,0
8612,1
8613,1
8614,1
8615,1
8616,0
8617,0
8618,1
8619,1
8620,1
8621,1
8622,1
8623,0
8624,1
8625,0
8626,0
8627,1
8628,0
8629,1
8630,0
8631,1
8632,0
8633,1
8634,0
8635,0
8636,0
8637,1
8638,1
8639,0
8640,0
8641,0
8642,0
8643,1
8644,0
8645,1
8646,1
8647,1
8648,1
8649,1
8650,1
8651,1
8652,0
8653,1
8654,0
8655,1
8656,0
8657,0
8658,0
8659,0
8660,0
8661,1
8662,1
8663,0
8664,1
8665,0
8666,1
8667,1
8668,1
8669,0
8670,1
8671,1
8672,1
8673,0
8674,0
8675,0
8676,1
8677,1
8678,0
8679,0
8680,1
8681,0
8682,0
8683,0
8684,1
8685,1
8686,0
8687,0
8688,0
8689,1
8690,1
8691,1
8692,0
8693,1
8694,1
8695,0
8696,0
8697,0
8698,0
8699,0
8700,0
8701,0
8702,1
8703,1
8704,1
8705,1
8706,1
8707,1
8708,0
8709,1
8710,0
8711,1
8712,1
8713,1
8714,1
8715,0
8716,0
8717,0
8718,1
8719,0
8720,1
8721,1
8722,1
8723,0
8724,0
8725,1
8726,0
8727,1
8728,0
8729,1
8730,0
8731,1
8732,1
8733,1
8734,1
8735,0
8736,0
8737,0
8738,0
8739,1
8740,0
8741,0
8742,1
8743,0
8744,1
8745,0
8746,1
8747,1
8748,0
8749,1
8750,0
8751,1
8752,0
8753,1
8754,1
8755,0
8756,1
8757,1
8758,0
8759,1
8760,0
8761,0
8762,0
8763,0
8764,1
8765,1
8766,1
8767,1
8768,0
8769,1
8770,0
8771,0
8772,0
8773,1
8774,1
8775,0
8776,1
8777,0
8778,1
8779,0
8780,0
8781,1
8782,0
8783,1
8784,1
8785,1
8786,1
8787,1
8788,0
8789,0
8790,0
8791,0
8792,1
8793,0
8794,0
8795,1
8796,0
8797,0
8798,1
8799,1
8800,1
8801,1
8802,1
8803,1
8804,1
8805,1
8806,1
8807,1
8808,1
8809,0
8810,0
8811,0
8812,1
8813,1
8814,0
8815,1
8816,1
8817,1
8818,0
8819,0
8820,1
8821,0
8822,1
8823,1
8824,0
8825,0
8826,0
8827,0
8828,1
8829,1
8830,0
8831,1
8832,0
8833,1
8834,1
8835,0
8836,1
8837,1
8838,0
8839,1
8840,0
8841,1
8842,0
8843,0
8844,1
8845,0
8846,0
8847,1
8848,0
8849,0
8850,1
8851,1
8852,1
8853,1
8854,1
8855,1
8856,1
8857,0
8858,1
8859,0
8860,0
8861,0
8862,0
8863,1
8864,1
8865,0
8866,1
8867,0
8868,1
8869,0
8870,1
8871,0
8872,1
8873,1
8874,1
8875,0
8876,1
8877,1
8878,0
8879,0
8880,1
8881,1
8882,1
8883,0
8884,0
8885,0
8886,0
8887,0
8888,1
8889,1
8890,1
8891,1
8892,1
8893,0
8894,1
8895,1
8896,1
8897,1
8898,1
8899,0
8900,1
8901,1
8902,0
8903,0
8904,1
8905,1
8906,0
8907,1
8908,0
8909,0
8910,0
8911,0
8912,0
8913,0
8914,0
8915,1
8916,1
8917,0
8918,1
8919,0
8920,0
8921,1
8922,1
8923,1
8924,1
8925,1
8926,1
8927,1
8928,1
8929,0
8930,0
8931,0
8932,1
8933,1
8934,0
8935,0
8936,0
8937,0
8938,1
8939,0
8940,0
8941,1
8942,1
8943,0
8944,1
8945,1
8946,1
8947,1
8948,1
8949,1
8950,0
8951,0
8952,1
8953,1
8954,1
8955,1
8956,0
8957,1
8958,1
8959,0
8960,1
8961,0
8962,1
8963,1
8964,0
8965,0
8966,1
8967,1
8968,1
8969,1
8970,0
8971,0
8972,0
8973,1
8974,1
8975,1
8976,0
8977,0
8978,1
8979,1
8980,0
8981,1
8982,1
8983,1
8984,0
8985,1
8986,0
8987,0
8988,1
8989,1
8990,0
8991,0
8992,0
8993,1
8994,1
8995,0
8996,1
8997,1
8998,1
8999,0
9000,1
9001,1
9002,1
9003,1
9004,1
9005,1
9006,0
9007,0
9008,1
9009,1
9010,1
9011,0
9012,0
9013,0
9014,0
9015,0
9016,0
9017,1
9018,0
9019,1
9020,1
9021,0
9022,0
9023,1
9024,1
9025,0
9026,1
9027,1
9028,0
9029,1
9030,0
9031,0
9032,1
9033,0
9034,1
9035,1
9036,1
9037,0
9038,1
9039,0
9040,0
9041,0
9042,1
9043,0
9044,0
9045,0
9046,0
9047,1
9048,1
9049,0
9050,0
9051,1
9052,1
9053,0
9054,1
9055,0
9056,1
9057,1
9058,0
9059,1
9060,0
9061,0
9062,1
9063,0
9064,1
9065,1
9066,0
9067,1
9068,0
9069,0
9070,0
9071,1
9072,1
9073,1
9074,1
9075,1
9076,0
9077,1
9078,1
9079,0
9080,1
9081,0
9082,1
9083,0
9084,1
9085,0
9086,1
9087,1
9088,1
9089,0
9090,0
9091,0
9092,1
9093,0
9094,1
9095,0
9096,0
9097,1
9098,1
9099,0
9100,1
9101,1
9102,1
9103,0
9104,1
9105,1
9106,0
9107,0
9108,1
9109,0
9110,1
9111,1
9112,1
9113,1
9114,0
9115,0
9116,0
9117,1
9118,1
9119,1
9120,0
9121,1
9122,0
9123,1
9124,1
9125,1
9126,1
9127,0
9128,1
9129,0
9130,1
9131,1
9132,1
9133,1
9134,1
9135,0
9136,1
9137,1
9138,0
9139,1
9140,0
9141,0
9142,0
9143,1
9144,1
9145,0
9146,1
9147,0
9148,1
9149,0
9150,0
9151,1
9152,1
9153,0
9154,0
9155,1
9156,1
9157,0
9158,1
9159,1
9160,1
9161,0
9162,0
9163,1
9164,0
9165,0
9166,0
9167,1
9168,0
9169,1
9170,1
9171,0
9172,0
9173,0
9174,1
9175,1
9176,1
9177,1
9178,0
9179,1
9180,0
9181,1
9182,0
9183,1
9184,0
9185,0
9186,1
9187,0
9188,1
9189,0
9190,0
9191,0
9192,0
9193,1
9194,1
9195,1
9196,1
9197,0
9198,1
9199,0
9200,1
9201,1
9202,1
9203,0
9204,1
9205,0
9206,1
9207,0
9208,1
9209,0
9210,0
9211,1
9212,0
9213,0
9214,0
9215,1
9216,1
9217,1
9218,0
9219,0
9220,0
9221,1
9222,0
9223,1
9224,0
9225,1
9226,1
9227,1
9228,1
9229,1
9230,0
9231,1
9232,0
9233,1
9234,0
9235,1
9236,1
9237,1
9238,0
9239,0
9240,0
9241,1
9242,0
9243,1
9244,0
9245,1
9246,1
9247,1
9248,0
9249,1
9250,0
9251,1
9252,0
9253,0
9254,0
9255,1
9256,1
9257,1
9258,0
9259,1
9260,0
9261,1
9262,0
9263,1
9264,1
9265,0
9266,0
9267,1
9268,1
9269,0
9270,1
9271,0
9272,0
9273,0
9274,1
9275,1
9276,1
9277,0
9278,0
9279,1
9280,1
9281,1
9282,1
9283,1
9284,1
9285,0
9286,0
9287,1
9288,0
9289,1
9290,1
9291,1
9292,0
9293,0
9294,0
9295,1
9296,0
9297,1
9298,1
9299,1
9300,0
9301,1
9302,1
9303,1
9304,0
9305,0
9306,1
9307,0
9308,1
9309,1
9310,0
9311,1
9312,1
9313,1
9314,0
9315,0
9316,1
9317,1
9318,1
9319,1
9320,0
9321,0
9322,0
9323,0
9324,1
9325,0
9326,1
9327,1
9328,0
9329,1
9330,0
9331,0
9332,1
9333,1
9334,1
9335,1
9336,0
9337,0
9338,1
9339,1
9340,0
9341,1
9342,1
9343,1
9344,0
9345,1
9346,0
9347,1
9348,0
9349,1
9350,1
9351,1
9352,0
9353,1
9354,0
9355,0
9356,1
9357,1
9358,1
9359,0
9360,1
9361,1
9362,1
9363,1
9364,0
9365,1
9366,1
9367,1
9368,1
9369,0
9370,1
9371,0
9372,1
9373,0
9374,1
9375,0
9376,0
9377,0
9378,1
9379,1
9380,1
9381,1
9382,0
9383,0
9384,1
9385,1
9386,1
9387,1
9388,1
9389,1
9390,1
9391,0
9392,0
9393,0
9394,0
9395,0
9396,1
9397,1
9398,1
9399,0
9400,1
9401,1
9402,1
9403,0
9404,0
9405,1
9406,1
9407,0
9408,1
9409,1
9410,0
9411,1
9412,1
9413,0
9414,1
9415,0
9416,1
9417,0
9418,1
9419,1
9420,0
9421,0
9422,0
9423,0
9424,0
9425,0
9426,1
9427,1
9428,1
9429,0
9430,1
9431,0
9432,1
9433,1
9434,0
9435,0
9436,1
9437,0
9438,0
9439,0
9440,1
9441,0
9442,0
9443,0
9444,0
9445,0
9446,0
9447,0
9448,0
9449,0
9450,0
9451,1
9452,1
9453,1
9454,0
9455,1
9456,0
9457,0
9458,0
9459,0
9460,0
9461,1
9462,0
9463,1
9464,0
9465,0
9466,1
9467,1
9468,1
9469,1
9470,0
9471,1
9472,0
9473,0
9474,1
9475,1
9476,1
9477,0
9478,0
9479,1
9480,1
9481,0
9482,0
9483,0
9484,1
9485,1
9486,1
9487,1
9488,0
9489,1
9490,0
9491,1
9492,0
9493,0
9494,1
9495,0
9496,1
9497,0
9498,0
9499,1
9500,1
9501,1
9502,0
9503,0
9504,1
9505,1
9506,1
9507,1
9508,0
9509,1
9510,0
9511,0
9512,0
9513,1
9514,1
9515,1
9516,0
9517,1
9518,0
9519,0
9520,1
9521,0
9522,1
9523,0
9524,0
9525,0
9526,1
9527,1
9528,1
9529,1
9530,1
9531,0
9532,1
9533,1
9534,0
9535,1
9536,0
9537,0
9538,1
9539,1
9540,1
9541,0
9542,1
9543,1
9544,1
9545,1
9546,0
9547,1
9548,0
9549,0
9550,1
9551,1
9552,1
9553,1
9554,0
9555,0
9556,1
9557,1
9558,0
9559,0
9560,0
9561,1
9562,0
9563,1
9564,1
9565,0
9566,0
9567,1
9568,1
9569,0
9570,1
9571,0
9572,0
9573,1
9574,0
9575,1
9576,0
9577,1
9578,1
9579,1
9580,1
9581,1
9582,1
9583,1
9584,1
9585,1
9586,0
9587,1
9588,0
9589,1
9590,0
9591,0
9592,0
9593,0
9594,1
9595,1
9596,1
9597,0
9598,1
9599,1
9600,1
9601,0
9602,0
9603,1
9604,1
9605,0
9606,1
9607,1
9608,0
9609,0
9610,0
9611,1
9612,1
9613,0
9614,1
9615,1
9616,0
9617,0
9618,0
9619,0
9620,1
9621,0
9622,1
9623,1
9624,1
9625,1
9626,0
9627,0
9628,0
9629,1
9630,1
9631,1
9632,1
9633,0
9634,1
9635,0
9636,0
9637,1
9638,0
9639,1
9640,0
9641,1
9642,0
9643,0
9644,1
9645,1
9646,0
9647,1
9648,1
9649,1
9650,1
9651,0
9652,1
9653,1
9654,0
9655,1
9656,1
9657,0
9658,1
9659,0
9660,1
9661,1
9662,0
9663,1
9664,1
9665,1
9666,1
9667,0
9668,1
9669,1
9670,1
9671,0
9672,0
9673,0
9674,1
9675,0
9676,1
9677,1
9678,1
9679,1
9680,1
9681,0
9682,1
9683,1
9684,0
9685,1
9686,1
9687,0
9688,1
9689,1
9690,1
9691,0
9692,0
9693,0
9694,0
9695,0
9696,0
9697,0
9698,1
9699,1
9700,0
9701,1
9702,0
9703,1
9704,0
9705,0
9706,1
9707,1
9708,1
9709,1
9710,1
9711,0
9712,1
9713,0
9714,1
9715,1
9716,1
9717,0
9718,0
9719,1
9720,1
9721,0
9722,1
9723,1
9724,1
9725,0
9726,1
9727,0
9728,0
9729,0
9730,0
9731,1
9732,1
9733,1
9734,1
9735,1
9736,1
9737,0
9738,0
9739,1
9740,0
9741,1
9742,1
9743,1
9744,1
9745,1
9746,1
9747,1
9748,0
9749,0
9750,1
9751,0
9752,1
9753,0
9754,1
9755,1
9756,0
9757,1
9758,1
9759,1
9760,1
9761,1
9762,1
9763,0
9764,0
9765,0
9766,0
9767,1
9768,0
9769,0
9770,1
9771,1
9772,0
9773,1
9774,1
9775,0
9776,0
9777,1
9778,0
9779,0
9780,1
9781,0
9782,1
9783,0
9784,1
9785,0
9786,1
9787,1
9788,1
9789,0
9790,0
9791,0
9792,1
9793,1
9794,1
9795,0
9796,1
9797,1
9798,0
9799,1
9800,1
9801,1
9802,0
9803,1
9804,1
9805,1
9806,1
9807,1
9808,0
9809,1
9810,1
9811,0
9812,0
9813,1
9814,0
9815,1
9816,1
9817,0
9818,0
9819,0
9820,0
9821,1
9822,0
9823,1
9824,1
9825,1
9826,1
9827,0
9828,1
9829,1
9830,1
9831,0
9832,1
9833,1
9834,1
9835,1
9836,1
9837,0
9838,1
9839,1
9840,0
9841,1
9842,0
9843,0
9844,0
9845,0
9846,0
9847,1
9848,1
9849,0
9850,0
9851,1
9852,0
9853,0
9854,1
9855,1
9856,0
9857,1
9858,0
9859,0
9860,1
9861,0
9862,1
9863,1
9864,0
9865,0
9866,1
9867,0
9868,1
9869,1
9870,1
9871,1
9872,0
9873,0
9874,1
9875,0
9876,0
9877,1
9878,1
9879,1
9880,1
9881,0
9882,0
9883,0
9884,1
9885,1
9886,1
9887,1
9888,0
9889,1
9890,1
9891,0
9892,1
9893,1
9894,1
9895,1
9896,1
9897,0
9898,1
9899,0
9900,0
9901,0
9902,1
9903,1
9904,0
9905,0
9906,0
9907,0
9908,0
9909,1
9910,0
9911,1
9912,0
9913,0
9914,1
9915,1
9916,1
9917,0
9918,0
9919,1
9920,0
9921,1
9922,0
9923,1
9924,1
9925,1
9926,0
9927,1
9928,1
9929,1
9930,1
9931,0
9932,0
9933,0
9934,1
9935,0
9936,0
9937,1
9938,0
9939,0
9940,0
9941,0
9942,0
9943,1
9944,1
9945,1
9946,0
9947,1
9948,1
9949,1
9950,1
9951,1
9952,1
9953,1
9954,1
9955,0
9956,1
9957,1
9958,0
9959,1
9960,0
9961,1
9962,1
9963,0
9964,1
9965,1
9966,0
9967,1
9968,1
9969,1
9970,0
9971,0
9972,0
9973,1
9974,1
9975,1
9976,1
9977,0
9978,0
9979,0
9980,0
9981,0
9982,1
9983,0
9984,1
9985,1
9986,1
9987,0
9988,0
9989,0
9990,1
9991,0
9992,1
9993,0
9994,1
9995,0
9996,0
9997,1
9998,0
9999,0
10000,0
10001,1
10002,0
10003,0
10004,1
10005,1
10006,0
10007,1
10008,1
10009,0
10010,0
10011,0
10012,1
10013,1
10014,0
10015,1
10016,1
10017,0
10018,1
10019,1
10020,0
10021,1
10022,0
10023,1
10024,0
10025,0
10026,0
10027,1
10028,1
10029,1
10030,1
10031,1
10032,0
10033,0
10034,0
10035,0
10036,0
10037,1
10038,0
10039,1
10040,1
10041,1
10042,1
10043,0
10044,0
10045,0
10046,1
10047,1
10048,1
10049,0
10050,0
10051,1
10052,0
10053,0
10054,1
10055,1
10056,0
10057,1
10058,0
10059,1
10060,1
10061,1
10062,1
10063,1
10064,1
10065,0
10066,1
10067,0
10068,0
10069,0
10070,0
10071,0
10072,1
10073,0
10074,0
10075,1
10076,0
10077,1
10078,0
10079,0
10080,1
10081,1
10082,1
10083,0
10084,1
10085,0
10086,0
10087,1
10088,0
10089,1
10090,1
10091,1
10092,0
10093,1
10094,1
10095,0
10096,1
10097,0
10098,1
10099,0
10100,0
10101,0
10102,1
10103,1
10104,1
10105,1
10106,0
10107,1
10108,0
10109,1
10110,1
10111,1
10112,0
10113,0
10114,1
10115,0
10116,1
10117,0
10118,0
10119,0
10120,0
10121,1
10122,1
10123,1
10124,0
10125,1
10126,0
10127,1
10128,1
10129,0
10130,1
10131,1
10132,1
10133,0
10134,1
10135,0
10136,1
10137,0
10138,0
10139,0
10140,0
10141,0
10142,0
10143,1
10144,0
10145,1
10146,1
10147,1
10148,0
10149,0
10150,0
10151,0
10152,0
10153,1
10154,0
10155,1
10156,0
10157,1
10158,0
10159,0
10160,1
10161,0
10162,1
10163,0
10164,1
10165,1
10166,0
10167,0
10168,1
10169,0
10170,1
10171,1
10172,1
10173,1
10174,1
10175,0
10176,1
10177,1
10178,1
10179,0
10180,1
10181,0
10182,0
10183,1
10184,1
10185,0
10186,0
10187,0
10188,1
10189,1
10190,1
10191,0
10192,1
10193,0
10194,0
10195,0
10196,1
10197,0
10198,0
10199,1
10200,1
10201,1
10202,1
10203,1
10204,1
10205,1
10206,1
10207,1
10208,1
10209,1
10210,0
10211,0
10212,0
10213,1
10214,0
10215,1
10216,1
10217,1
10218,1
10219,1
10220,1
10221,1
10222,1
10223,1
10224,1
10225,1
10226,0
10227,1
10228,1
10229,0
10230,0
10231,1
10232,1
10233,0
10234,0
10235,1
10236,0
10237,0
10238,1
10239,0
10240,0
10241,1
10242,1
10243,1
10244,1
10245,0
10246,1
10247,0
10248,0
10249,0
10250,0
10251,1
10252,0
10253,0
10254,0
10255,1
10256,0
10257,1
10258,1
10259,0
10260,1
10261,1
10262,1
10263,0
10264,1
10265,0
10266,0
10267,0
10268,1
10269,1
10270,1
10271,0
10272,1
10273,1
10274,0
10275,1
10276,0
10277,1
10278,1
10279,1
10280,0
10281,0
10282,1
10283,0
10284,0
10285,1
10286,1
10287,1
10288,0
10289,1
10290,1
10291,0
10292,0
10293,0
10294,0
10295,1
10296,0
10297,0
10298,0
10299,0
10300,0
10301,1
10302,1
10303,0
10304,1
10305,1
10306,0
10307,0
10308,0
10309,1
10310,1
10311,0
10312,0
10313,0
10314,0
10315,0
10316,1
10317,1
10318,1
10319,1
10320,1
10321,1
10322,0
10323,1
10324,0
10325,0
10326,0
10327,1
10328,0
10329,1
10330,1
10331,1
10332,0
10333,0
10334,0
10335,1
10336,1
10337,0
10338,1
10339,0
10340,0
10341,0
10342,1
10343,0
10344,0
10345,1
10346,0
10347,0
10348,0
10349,1
10350,0
10351,1
10352,0
10353,1
10354,0
10355,0
10356,0
10357,0
10358,1
10359,0
10360,0
10361,0
10362,1
10363,1
10364,1
10365,1
10366,0
10367,0
10368,1
10369,1
10370,1
10371,0
10372,0
10373,0
10374,1
10375,1
10376,0
10377,0
10378,0
10379,0
10380,0
10381,0
10382,0
10383,0
10384,1
10385,1
10386,1
10387,1
10388,0
10389,0
10390,1
10391,1
10392,0
10393,1
10394,0
10395,0
10396,1
10397,1
10398,1
10399,1
10400,0
10401,1
10402,0
10403,1
10404,0
10405,0
10406,1
10407,1
10408,0
10409,1
10410,0
10411,1
10412,1
10413,1
10414,1
10415,0
10416,0
10417,1
10418,0
10419,1
10420,1
10421,1
10422,0
10423,1
10424,1
10425,0
10426,0
10427,1
10428,0
10429,1
10430,0
10431,1
10432,0
10433,1
10434,1
10435,1
10436,0
10437,1
10438,1
10439,1
10440,1
10441,0
10442,1
10443,1
10444,0
10445,1
10446,0
10447,1
10448,0
10449,0
10450,0
10451,1
10452,1
10453,0
10454,1
10455,0
10456,0
10457,1
10458,0
10459,1
10460,0
10461,1
10462,0
10463,1
10464,1
10465,1
10466,0
10467,0
10468,0
10469,0
10470,1
10471,0
10472,1
10473,1
10474,0
10475,0
10476,1
10477,1
10478,0
10479,1
10480,0
10481,1
10482,0
10483,1
10484,1
10485,1
10486,0
10487,1
10488,0
10489,1
10490,1
10491,0
10492,1
10493,1
10494,1
10495,1
10496,0
10497,0
10498,0
10499,0
10500,1
10501,1
10502,0
10503,1
10504,1
10505,1
10506,0
10507,1
10508,0
10509,1
10510,1
10511,0
10512,0
10513,1
10514,1
10515,1
10516,1
10517,0
10518,1
10519,1
10520,1
10521,0
10522,0
10523,0
10524,0
10525,0
10526,1
10527,1
10528,0
10529,1
10530,1
10531,0
10532,1
10533,0
10534,0
10535,1
10536,1
10537,0
10538,1
10539,1
10540,0
10541,0
10542,1
10543,1
10544,0
10545,1
10546,1
10547,0
10548,0
10549,1
10550,1
10551,1
10552,1
10553,0
10554,0
10555,1
10556,0
10557,0
10558,1
10559,1
10560,0
10561,1
10562,1
10563,1
10564,0
10565,1
10566,0
10567,0
10568,1
10569,1
10570,0
10571,0
10572,0
10573,0
10574,1
10575,1
10576,1
10577,0
10578,1
10579,0
10580,1
10581,0
10582,1
10583,0
10584,1
10585,0
10586,1
10587,0
10588,1
10589,0
10590,1
10591,1
10592,0
10593,1
10594,1
10595,1
10596,1
10597,1
10598,0
10599,1
10600,1
10601,1
10602,1
10603,0
10604,1
10605,1
10606,1
10607,0
10608,0
10609,0
10610,0
10611,0
10612,1
10613,0
10614,1
10615,1
10616,1
10617,1
10618,0
10619,1
10620,0
10621,1
10622,0
10623,0
10624,1
10625,1
10626,0
10627,0
10628,0
10629,1
10630,1
10631,1
10632,1
10633,0
10634,0
10635,1
10636,0
10637,1
10638,1
10639,1
10640,0
10641,1
10642,1
10643,0
10644,0
10645,1
10646,1
10647,1
10648,0
10649,0
10650,1
10651,0
10652,1
10653,1
10654,0
10655,1
10656,1
10657,0
10658,0
10659,1
10660,0
10661,0
10662,1
10663,0
10664,1
10665,0
10666,0
10667,0
10668,1
10669,1
10670,1
10671,1
10672,0
10673,0
10674,1
10675,1
10676,0
10677,0
10678,0
10679,1
10680,0
10681,0
10682,1
10683,1
10684,0
10685,0
10686,1
10687,0
10688,1
10689,0
10690,0
10691,0
10692,1
10693,0
10694,0
10695,1
10696,1
10697,0
10698,0
10699,1
10700,0
10701,0
10702,1
10703,1
10704,1
10705,0
10706,0
10707,1
10708,1
10709,1
10710,0
10711,1
10712,1
10713,0
10714,1
10715,1
10716,0
10717,0
10718,0
10719,1
10720,0
10721,0
10722,1
10723,1
10724,1
10725,1
10726,0
10727,0
10728,1
10729,1
10730,1
10731,0
10732,0
10733,1
10734,1
10735,1
10736,1
10737,0
10738,0
10739,1
10740,0
10741,1
10742,0
10743,0
10744,0
10745,0
10746,0
10747,1
10748,1
10749,0
10750,0
10751,1
10752,1
10753,0
10754,1
10755,0
10756,0
10757,1
10758,1
10759,0
10760,1
10761,1
10762,1
10763,1
10764,0
10765,0
10766,1
10767,1
10768,1
10769,0
10770,1
10771,0
10772,0
10773,1
10774,0
10775,0
10776,0
10777,0
10778,1
10779,1
10780,1
10781,1
10782,1
10783,0
10784,0
10785,1
10786,1
10787,0
10788,1
10789,0
10790,1
10791,0
10792,0
10793,1
10794,0
10795,0
10796,1
10797,0
10798,0
10799,1
10800,0
10801,0
10802,1
10803,1
10804,1
10805,1
10806,0
10807,0
10808,0
10809,0
10810,1
10811,1
10812,0
10813,1
10814,0
10815,1
10816,1
10817,1
10818,1
10819,0
10820,0
10821,0
10822,0
10823,0
10824,1
10825,1
10826,1
10827,0
10828,1
10829,0
10830,1
10831,1
10832,1
10833,1
10834,0
10835,0
10836,1
10837,1
10838,1
10839,1
10840,0
10841,0
10842,1
10843,1
10844,1
10845,1
10846,0
10847,0
10848,1
10849,1
10850,0
10851,0
10852,1
10853,1
10854,0
10855,1
10856,1
10857,1
10858,1
10859,0
10860,0
10861,1
10862,1
10863,0
10864,1
10865,1
10866,0
10867,1
10868,0
10869,0
10870,0
10871,0
10872,1
10873,0
10874,0
10875,0
10876,0
10877,0
10878,1
10879,0
10880,0
10881,1
10882,1
10883,1
10884,1
10885,0
10886,1
10887,0
10888,1
10889,1
10890,1
10891,1
10892,1
10893,0
10894,0
10895,1
10896,0
10897,1
10898,1
10899,0
10900,1
10901,0
10902,1
10903,0
10904,1
10905,0
10906,0
10907,1
10908,0
10909,0
10910,1
10911,1
10912,0
10913,0
10914,0
10915,1
10916,0
10917,1
10918,1
10919,1
10920,0
10921,1
10922,1
10923,0
10924,1
10925,1
10926,0
10927,0
10928,1
10929,0
10930,0
10931,1
10932,1
10933,1
10934,1
10935,0
10936,1
10937,1
10938,1
10939,0
10940,1
10941,1
10942,0
10943,0
10944,1
10945,0
10946,1
10947,1
10948,0
10949,1
10950,0
10951,0
10952,1
10953,0
10954,0
10955,0
10956,1
10957,1
10958,1
10959,0
10960,0
10961,1
10962,0
10963,1
10964,1
10965,0
10966,1
10967,1
10968,1
10969,1
10970,0
10971,1
10972,0
10973,1
10974,1
10975,0
10976,1
10977,0
10978,1
10979,1
10980,0
10981,1
10982,1
10983,0
10984,1
10985,0
10986,0
10987,1
10988,1
10989,0
10990,0
10991,0
10992,1
10993,0
10994,1
10995,0
10996,0
10997,1
10998,1
10999,1
11000,1
11001,0
11002,0
11003,1
11004,0
11005,1
11006,1
11007,1
11008,1
11009,1
11010,0
11011,0
11012,1
11013,1
11014,1
11015,0
11016,1
11017,1
11018,1
11019,0
11020,1
11021,1
11022,0
11023,0
11024,0
11025,1
11026,0
11027,0
11028,1
11029,1
11030,1
11031,1
11032,1
11033,1
11034,0
11035,0
11036,0
11037,1
11038,1
11039,0
11040,1
11041,1
11042,1
11043,1
11044,0
11045,1
11046,1
11047,0
11048,0
11049,1
11050,1
11051,1
11052,0
11053,0
11054,1
11055,0
11056,1
11057,0
11058,0
11059,0
11060,0
11061,0
11062,1
11063,1
11064,1
11065,1
11066,1
11067,0
11068,0
11069,0
11070,1
11071,1
11072,1
11073,0
11074,0
11075,1
11076,1
11077,0
11078,0
11079,0
11080,0
11081,0
11082,1
11083,1
11084,1
11085,1
11086,0
11087,1
11088,1
11089,0
11090,0
11091,0
11092,0
11093,0
11094,1
11095,1
11096,1
11097,0
11098,1
11099,0
11100,0
11101,0
11102,1
11103,1
11104,1
11105,0
11106,1
11107,1
11108,1
11109,0
11110,1
11111,1
11112,1
11113,1
11114,0
11115,1
11116,0
11117,0
11118,0
11119,1
11120,1
11121,1
11122,1
11123,1
11124,0
11125,1
11126,1
11127,0
11128,1
11129,1
11130,1
11131,0
11132,0
11133,1
11134,0
11135,0
11136,1
11137,0
11138,0
11139,0
11140,1
11141,1
11142,1
11143,1
11144,1
11145,0
11146,0
11147,1
11148,0
11149,1
11150,0
11151,1
11152,1
11153,0
11154,0
11155,1
11156,1
11157,0
11158,1
11159,0
11160,0
11161,0
11162,0
11163,1
11164,1
11165,1
11166,0
11167,1
11168,1
11169,1
11170,0
11171,1
11172,1
11173,1
11174,0
11175,0
11176,0
11177,0
11178,0
11179,0
11180,0
11181,0
11182,1
11183,1
11184,1
11185,1
11186,1
11187,1
11188,0
11189,1
11190,1
11191,1
11192,0
11193,1
11194,0
11195,0
11196,1
11197,1
11198,0
11199,1
11200,1
11201,1
11202,1
11203,0
11204,1
11205,0
11206,1
11207,0
11208,1
11209,0
11210,1
11211,1
11212,0
11213,1
11214,0
11215,1
11216,1
11217,1
11218,1
11219,1
11220,1
11221,0
11222,1
11223,0
11224,0
11225,1
11226,1
11227,1
11228,1
11229,0
11230,0
11231,0
11232,1
11233,1
11234,0
11235,1
11236,0
11237,1
11238,1
11239,0
11240,1
11241,1
11242,1
11243,0
11244,1
11245,0
11246,1
11247,1
11248,1
11249,1
11250,0
11251,1
11252,1
11253,0
11254,1
11255,1
11256,0
11257,0
11258,0
11259,0
11260,0
11261,0
11262,1
11263,0
11264,1
11265,1
11266,1
11267,0
11268,0
11269,0
11270,1
11271,0
11272,1
11273,1
11274,1
11275,1
11276,0
11277,0
11278,0
11279,1
11280,1
11281,1
11282,0
11283,1
11284,1
11285,0
11286,1
11287,1
11288,0
11289,0
11290,1
11291,0
11292,0
11293,1
11294,0
11295,1
11296,0
11297,1
11298,1
11299,1
11300,1
11301,0
11302,0
11303,1
11304,1
11305,0
11306,0
11307,0
11308,0
11309,1
11310,1
11311,1
11312,1
11313,0
11314,1
11315,0
11316,0
11317,1
11318,1
11319,1
11320,1
11321,0
11322,0
11323,1
11324,1
11325,0
11326,1
11327,1
11328,1
11329,0
11330,1
11331,0
11332,1
11333,0
11334,0
11335,0
11336,0
11337,1
11338,0
11339,1
11340,0
11341,1
11342,0
11343,1
11344,0
11345,1
11346,0
11347,1
11348,0
11349,0
11350,1
11351,1
11352,0
11353,0
11354,0
11355,0
11356,1
11357,1
11358,0
11359,0
11360,1
11361,1
11362,0
11363,1
11364,1
11365,1
11366,1
11367,1
11368,1
11369,1
11370,0
11371,0
11372,0
11373,1
11374,0
11375,0
11376,1
11377,0
11378,1
11379,1
11380,1
11381,1
11382,1
11383,1
11384,0
11385,0
11386,0
11387,0
11388,0
11389,0
11390,0
11391,0
11392,1
11393,1
11394,0
11395,0
11396,1
11397,0
11398,1
11399,0
11400,1
11401,0
11402,0
11403,1
11404,1
11405,1
11406,1
11407,0
11408,1
11409,0
11410,1
11411,0
11412,1
11413,1
11414,1
11415,1
11416,0
11417,1
11418,0
11419,0
11420,1
11421,0
11422,0
11423,0
11424,0
11425,1
11426,1
11427,0
11428,0
11429,0
11430,1
11431,1
11432,0
11433,1
11434,0
11435,0
11436,0
11437,1
11438,0
11439,1
11440,1
11441,1
11442,0
11443,1
11444,0
11445,1
11446,1
11447,1
11448,1
11449,0
11450,1
11451,0
11452,1
11453,1
11454,1
11455,1
11456,1
11457,0
11458,1
11459,1
11460,0
11461,0
11462,1
11463,1
11464,1
11465,0
11466,0
11467,0
11468,0
11469,0
11470,0
11471,0
11472,0
11473,0
11474,1
11475,0
11476,0
11477,1
11478,0
11479,1
11480,1
11481,1
11482,1
11483,1
11484,1
11485,0
11486,1
11487,1
11488,0
11489,0
11490,1
11491,0
11492,1
11493,0
11494,0
11495,0
11496,0
11497,1
11498,1
11499,0
11500,1
11501,1
11502,1
11503,0
11504,1
11505,1
11506,1
11507,1
11508,0
11509,0
11510,1
11511,0
11512,1
11513,1
11514,1
11515,1
11516,1
11517,1
11518,1
11519,1
11520,0
11521,1
11522,1
11523,1
11524,1
11525,1
11526,1
11527,1
11528,0
11529,1
11530,1
11531,1
11532,1
11533,1
11534,1
11535,0
11536,1
11537,1
11538,0
11539,1
11540,0
11541,1
11542,0
11543,0
11544,0
11545,1
11546,1
11547,1
11548,0
11549,1
11550,0
11551,0
11552,0
11553,1
11554,0
11555,0
11556,0
11557,0
11558,1
11559,1
11560,0
11561,1
11562,1
11563,0
11564,0
11565,1
11566,1
11567,1
11568,0
11569,1
11570,0
11571,1
11572,1
11573,1
11574,1
11575,1
11576,1
11577,0
11578,0
11579,1
11580,1
11581,0
11582,1
11583,0
11584,1
11585,1
11586,0
11587,0
11588,0
11589,1
11590,0
11591,0
11592,0
11593,0
11594,1
11595,1
11596,0
11597,1
11598,0
11599,0
11600,0
11601,1
11602,0
11603,0
11604,1
11605,1
11606,0
11607,0
11608,1
11609,0
11610,1
11611,1
11612,1
11613,0
11614,1
11615,1
11616,1
11617,0
11618,1
11619,0
11620,1
11621,0
11622,1
11623,1
11624,0
11625,0
11626,0
11627,0
11628,0
11629,1
11630,0
11631,1
11632,0
11633,1
11634,1
11635,0
11636,0
11637,0
11638,1
11639,0
11640,1
11641,1
11642,1
11643,1
11644,1
11645,0
11646,0
11647,1
11648,0
11649,1
11650,0
11651,0
11652,1
11653,0
11654,1
11655,1
11656,1
11657,0
11658,1
11659,1
11660,1
11661,0
11662,1
11663,1
11664,1
11665,0
11666,1
11667,0
11668,0
11669,1
11670,0
11671,1
11672,1
11673,1
11674,1
11675,0
11676,1
11677,0
11678,0
11679,1
11680,0
11681,1
11682,1
11683,1
11684,1
11685,1
11686,1
11687,0
11688,1
11689,1
11690,1
11691,1
11692,1
11693,1
11694,1
11695,1
11696,0
11697,0
11698,1
11699,0
11700,0
11701,1
11702,0
11703,1
11704,0
11705,0
11706,1
11707,0
11708,0
11709,0
11710,1
11711,1
11712,1
11713,0
11714,0
11715,1
11716,0
11717,1
11718,1
11719,0
11720,1
11721,0
11722,1
11723,0
11724,1
11725,0
11726,0
11727,1
11728,0
11729,1
11730,0
11731,0
11732,1
11733,1
11734,0
11735,1
11736,0
11737,1
11738,1
11739,0
11740,1
11741,1
11742,1
11743,0
11744,0
11745,0
11746,1
11747,0
11748,1
11749,0
11750,1
11751,1
11752,1
11753,1
11754,1
11755,0
11756,0
11757,0
11758,0
11759,0
11760,0
11761,0
11762,1
11763,1
11764,1
11765,0
11766,1
11767,1
11768,1
11769,0
11770,0
11771,1
11772,1
11773,0
11774,0
11775,1
11776,0
11777,1
11778,0
11779,1
11780,1
11781,0
11782,1
11783,1
11784,1
11785,1
11786,1
11787,1
11788,1
11789,0
11790,0
11791,1
11792,1
11793,0
11794,0
11795,0
11796,1
11797,1
11798,1
11799,0
11800,1
11801,0
11802,1
11803,0
11804,1
11805,0
11806,0
11807,0
11808,1
11809,1
11810,1
11811,0
11812,0
11813,1
11814,0
11815,1
11816,0
11817,0
11818,0
11819,1
11820,1
11821,1
11822,1
11823,0
11824,1
11825,0
11826,1
11827,0
11828,1
11829,0
11830,0
11831,0
11832,0
11833,1
11834,0
11835,1
11836,1
11837,0
11838,0
11839,1
11840,1
11841,1
11842,0
11843,0
11844,1
11845,1
11846,1
11847,1
11848,1
11849,1
11850,0
11851,1
11852,1
11853,0
11854,1
11855,1
11856,1
11857,1
11858,0
11859,1
11860,1
11861,0
11862,1
11863,0
11864,0
11865,1
11866,1
11867,1
11868,1
11869,0
11870,1
11871,1
11872,1
11873,0
11874,0
11875,1
11876,0
11877,1
11878,1
11879,1
11880,1
11881,1
11882,1
11883,0
11884,1
11885,0
11886,1
11887,1
11888,1
11889,1
11890,0
11891,1
11892,1
11893,1
11894,1
11895,0
11896,0
11897,0
11898,1
11899,0
11900,1
11901,1
11902,1
11903,1
11904,1
11905,0
11906,0
11907,1
11908,1
11909,0
11910,1
11911,0
11912,1
11913,1
11914,1
11915,0
11916,1
11917,0
11918,1
11919,1
11920,0
11921,0
11922,1
11923,0
11924,1
11925,1
11926,1
11927,0
11928,0
11929,0
11930,0
11931,0
11932,1
11933,0
11934,0
11935,1
11936,1
11937,0
11938,0
11939,1
11940,0
11941,1
11942,0
11943,1
11944,1
11945,1
11946,1
11947,1
11948,1
11949,1
11950,1
11951,0
11952,1
11953,1
11954,0
11955,1
11956,0
11957,0
11958,1
11959,1
11960,1
11961,1
11962,1
11963,0
11964,1
11965,0
11966,1
11967,1
11968,1
11969,1
11970,0
11971,0
11972,0
11973,1
11974,1
11975,0
11976,0
11977,0
11978,1
11979,1
11980,0
11981,1
11982,1
11983,0
11984,0
11985,0
11986,0
11987,1
11988,0
11989,0
11990,0
11991,0
11992,0
11993,0
11994,0
11995,0
11996,1
11997,1
11998,1
11999,0
12000,0
12001,1
12002,1
12003,0
12004,1
12005,1
12006,0
12007,0
12008,0
12009,1
12010,1
12011,1
12012,1
12013,1
12014,0
12015,0
12016,1
12017,1
12018,1
12019,0
12020,1
12021,0
12022,0
12023,1
12024,0
12025,0
12026,1
12027,1
12028,1
12029,0
12030,0
12031,1
12032,1
12033,1
12034,1
12035,0
12036,1
12037,1
12038,0
12039,1
12040,1
12041,1
12042,1
12043,0
12044,0
12045,1
12046,0
12047,1
12048,1
12049,0
12050,1
12051,0
12052,0
12053,1
12054,1
12055,0
12056,0
12057,0
12058,1
12059,1
12060,1
12061,1
12062,1
12063,0
12064,0
12065,1
12066,0
12067,0
12068,0
12069,0
12070,1
12071,1
12072,0
12073,0
12074,1
12075,1
12076,1
12077,1
12078,1
12079,0
12080,1
12081,1
12082,1
12083,0
12084,1
12085,0
12086,0
12087,1
12088,0
12089,1
12090,0
12091,1
12092,1
12093,0
12094,0
12095,0
12096,0
12097,1
12098,1
12099,1
12100,1
12101,1
12102,1
12103,1
12104,0
12105,1
12106,1
12107,0
12108,0
12109,0
12110,0
12111,0
12112,1
12113,1
12114,0
12115,0
12116,1
12117,1
12118,1
12119,1
12120,0
12121,0
12122,1
12123,1
12124,0
12125,1
12126,1
12127,1
12128,0
12129,1
12130,0
12131,0
12132,0
12133,1
12134,0
12135,1
12136,1
12137,1
12138,1
12139,1
12140,0
12141,1
12142,0
12143,1
12144,1
12145,0
12146,1
12147,1
12148,1
12149,0
12150,0
12151,0
12152,1
12153,1
12154,1
12155,0
12156,0
12157,0
12158,1
12159,0
12160,0
12161,1
12162,0
12163,1
12164,1
12165,0
12166,0
12167,0
12168,1
12169,1
12170,1
12171,0
12172,0
12173,1
12174,0
12175,0
12176,1
12177,0
12178,0
12179,1
12180,1
12181,1
12182,1
12183,0
12184,0
12185,0
12186,1
12187,0
12188,1
12189,1
12190,0
12191,1
12192,0
12193,1
12194,0
12195,0
12196,0
12197,0
12198,1
12199,0
12200,1
12201,1
12202,0
12203,1
12204,0
12205,0
12206,0
12207,0
12208,0
12209,1
12210,0
12211,0
12212,1
12213,1
12214,0
12215,1
12216,0
12217,1
12218,0
12219,0
12220,0
12221,1
12222,0
12223,1
12224,1
12225,0
12226,1
12227,0
12228,0
12229,0
12230,0
12231,1
12232,0
12233,1
12234,0
12235,0
12236,0
12237,1
12238,0
12239,1
12240,0
12241,0
12242,1
12243,1
12244,0
12245,0
12246,0
12247,0
12248,1
12249,0
12250,0
12251,1
12252,0
12253,1
12254,0
12255,1
12256,1
12257,1
12258,0
12259,0
12260,1
12261,1
12262,1
12263,1
12264,1
12265,1
12266,0
12267,1
12268,1
12269,0
12270,1
12271,1
12272,0
12273,1
12274,1
12275,0
12276,1
12277,0
12278,1
12279,0
12280,1
12281,1
12282,1
12283,1
12284,1
12285,1
12286,1
12287,1
12288,1
12289,1
12290,1
12291,1
12292,1
12293,0
12294,1
12295,0
12296,1
12297,0
12298,0
12299,0
12300,0
12301,1
12302,1
12303,1
12304,1
12305,1
12306,0
12307,0
12308,1
12309,1
12310,1
12311,1
12312,1
12313,0
12314,1
12315,1
12316,0
12317,0
12318,1
12319,1
12320,0
12321,0
12322,0
12323,0
12324,1
12325,0
12326,1
12327,1
12328,1
12329,0
12330,0
12331,0
12332,1
12333,1
12334,1
12335,0
12336,0
12337,1
12338,0
12339,0
12340,0
12341,0
12342,0
12343,1
12344,0
12345,1
12346,1
12347,0
12348,1
12349,0
12350,0
12351,1
12352,1
12353,1
12354,1
12355,0
12356,1
12357,1
12358,0
12359,0
12360,0
12361,1
12362,1
12363,0
12364,1
12365,1
12366,1
12367,0
12368,1
12369,0
12370,1
12371,0
12372,0
12373,0
12374,0
12375,0
12376,1
12377,1
12378,0
12379,1
12380,0
12381,0
12382,1
12383,0
12384,0
12385,0
12386,1
12387,1
12388,1
12389,0
12390,0
12391,0
12392,1
12393,0
12394,0
12395,1
12396,0
12397,1
12398,1
12399,0
12400,0
12401,1
12402,0
12403,1
12404,1
12405,0
12406,1
12407,1
12408,0
12409,1
12410,1
12411,1
12412,0
12413,1
12414,1
12415,1
12416,1
12417,0
12418,0
12419,1
12420,0
12421,1
12422,1
12423,0
12424,1
12425,1
12426,1
12427,1
12428,1
12429,0
12430,0
12431,1
12432,0
12433,1
12434,1
12435,1
12436,1
12437,0
12438,1
12439,1
12440,1
12441,0
12442,1
12443,1
12444,1
12445,0
12446,1
12447,0
12448,0
12449,1
12450,1
12451,1
12452,1
12453,0
12454,0
12455,0
12456,1
12457,1
12458,1
12459,0
12460,0
12461,0
12462,0
12463,1
12464,1
12465,0
12466,1
12467,1
12468,0
12469,0
12470,1
12471,1
12472,0
12473,0
12474,0
12475,1
12476,1
12477,1
12478,0
12479,1
12480,0
12481,0
12482,0
12483,1
12484,1
12485,0
12486,1
12487,0
12488,1
12489,1
12490,0
12491,0
12492,1
12493,1
12494,0
12495,0
12496,1
12497,1
12498,0
12499,0
12500,0
12501,1
12502,0
12503,1
12504,1
12505,0
12506,1
12507,1
12508,1
12509,1
12510,1
12511,0
12512,0
12513,1
12514,1
12515,0
12516,0
12517,1
12518,0
12519,0
12520,1
12521,1
12522,0
12523,0
12524,1
12525,1
12526,0
12527,1
12528,0
12529,0
12530,0
12531,1
12532,0
12533,1
12534,0
12535,0
12536,0
12537,0
12538,0
12539,1
12540,0
12541,1
12542,0
12543,1
12544,1
12545,0
12546,0
12547,1
12548,0
12549,0
12550,1
12551,0
12552,1
12553,1
12554,1
12555,0
12556,0
12557,1
12558,1
12559,1
12560,0
12561,0
12562,0
12563,0
12564,0
12565,1
12566,1
12567,0
12568,0
12569,0
12570,1
12571,0
12572,1
12573,0
12574,0
12575,1
12576,0
12577,1
12578,0
12579,1
12580,0
12581,0
12582,0
12583,0
12584,0
12585,1
12586,1
12587,0
12588,1
12589,0
12590,0
12591,1
12592,0
12593,1
12594,1
12595,1
12596,1
12597,1
12598,1
12599,0
12600,1
12601,1
12602,0
12603,0
12604,0
12605,1
12606,1
12607,1
12608,1
12609,1
12610,1
12611,0
12612,0
12613,1
12614,1
12615,1
12616,0
12617,0
12618,0
12619,1
12620,1
12621,0
12622,0
12623,1
12624,1
12625,1
12626,1
12627,1
12628,0
12629,0
12630,0
12631,1
12632,0
12633,0
12634,0
12635,0
12636,0
12637,1
12638,0
12639,1
12640,0
12641,1
12642,1
12643,1
12644,0
12645,1
12646,0
12647,1
12648,1
12649,0
12650,0
12651,1
12652,1
12653,1
12654,1
12655,0
12656,1
12657,0
12658,1
12659,1
12660,1
12661,1
12662,1
12663,1
12664,1
12665,1
12666,0
12667,0
12668,1
12669,1
12670,1
12671,1
12672,1
12673,1
12674,1
12675,1
12676,1
12677,1
12678,0
12679,0
12680,0
12681,0
12682,0
12683,1
12684,0
12685,1
12686,0
12687,1
12688,0
12689,0
12690,1
12691,0
12692,0
12693,0
12694,1
12695,0
12696,1
12697,1
12698,1
12699,1
12700,1
12701,1
12702,1
12703,1
12704,0
12705,1
12706,1
12707,1
12708,0
12709,0
12710,1
12711,1
12712,1
12713,1
12714,0
12715,1
12716,0
12717,0
12718,1
12719,1
12720,0
12721,0
12722,1
12723,0
12724,1
12725,1
12726,0
12727,0
12728,0
12729,0
12730,0
12731,0
12732,0
12733,0
12734,1
12735,1
12736,1
12737,1
12738,0
12739,0
12740,0
12741,1
12742,1
12743,0
12744,1
12745,1
12746,1
12747,1
12748,0
12749,1
12750,1
12751,1
12752,1
12753,0
12754,1
12755,1
12756,1
12757,1
12758,1
12759,0
12760,1
12761,1
12762,0
12763,0
12764,1
12765,1
12766,0
12767,1
12768,0
12769,0
12770,1
12771,0
12772,1
12773,1
12774,1
12775,0
12776,1
12777,0
12778,1
12779,0
12780,0
12781,0
12782,1
12783,1
12784,0
12785,0
12786,1
12787,0
12788,0
12789,1
12790,1
12791,1
12792,1
12793,0
12794,0
12795,0
12796,1
12797,0
12798,1
12799,1
12800,1
12801,1
12802,0
12803,0
12804,1
12805,0
12806,1
12807,1
12808,1
12809,0
12810,1
12811,1
12812,0
12813,0
12814,1
12815,1
12816,1
12817,1
12818,1
12819,1
12820,0
12821,1
12822,1
12823,1
12824,1
12825,0
12826,0
12827,0
12828,0
12829,1
12830,0
12831,0
12832,0
12833,1
12834,0
12835,0
12836,1
12837,1
12838,0
12839,1
12840,1
12841,1
12842,0
12843,1
12844,1
12845,0
12846,1
12847,0
12848,0
12849,1
12850,1
12851,1
12852,1
12853,0
12854,0
12855,0
12856,1
12857,1
12858,1
12859,1
12860,0
12861,0
12862,1
12863,1
12864,1
12865,0
12866,1
12867,1
12868,1
12869,0
12870,0
12871,0
12872,1
12873,1
12874,1
12875,1
12876,1
12877,0
12878,1
12879,1
12880,1
12881,1
12882,1
12883,1
12884,0
12885,0
12886,1
12887,0
12888,1
12889,1
12890,0
12891,1
12892,0
12893,0
12894,1
12895,0
12896,0
12897,0
12898,1
12899,1
12900,1
12901,1
12902,0
12903,0
12904,0
12905,0
12906,1
12907,1
12908,1
12909,1
12910,1
12911,1
12912,0
12913,0
12914,0
12915,0
12916,0
12917,1
12918,1
12919,1
12920,1
12921,1
12922,1
12923,1
12924,0
12925,1
12926,0
12927,0
12928,0
12929,1
12930,1
12931,0
12932,0
12933,0
12934,1
12935,1
12936,0
12937,1
12938,1
12939,1
12940,1
12941,1
12942,0
12943,1
12944,1
12945,0
12946,1
12947,1
12948,1
12949,1
12950,0
12951,1
12952,0
12953,1
12954,1
12955,1
12956,1
12957,1
12958,0
12959,0
12960,1
12961,1
12962,1
12963,0
12964,0
12965,0
12966,1
12967,1
12968,0
12969,1
12970,1
12971,1
12972,1
12973,0
12974,0
12975,0
12976,0
12977,1
12978,0
12979,0
12980,1
12981,0
12982,0
12983,0
12984,1
12985,1
12986,1
12987,0
12988,1
12989,0
12990,1
12991,1
12992,1
12993,0
12994,0
12995,1
12996,0
12997,0
12998,0
12999,1
13000,0
13001,0
13002,0
13003,0
13004,1
13005,1
13006,0
13007,1
13008,0
13009,0
13010,0
13011,1
13012,0
13013,0
13014,0
13015,0
13016,1
13017,0
13018,1
13019,0
13020,0
13021,1
13022,1
13023,1
13024,1
13025,0
13026,1
13027,0
13028,1
13029,1
13030,1
13031,1
13032,1
13033,0
13034,0
13035,1
13036,1
13037,1
13038,0
13039,0
13040,1
13041,1
13042,0
13043,0
13044,0
13045,0
13046,1
13047,0
13048,1
13049,1
13050,1
13051,0
13052,1
13053,0
13054,1
13055,1
13056,1
13057,0
13058,0
13059,0
13060,0
13061,1
13062,0
13063,1
13064,0
13065,0
13066,0
13067,1
13068,0
13069,0
13070,0
13071,0
13072,0
13073,1
13074,1
13075,0
13076,1
13077,0
13078,0
13079,1
13080,1
13081,0
13082,1
13083,0
13084,1
13085,0
13086,1
13087,1
13088,0
13089,1
13090,1
13091,0
13092,1
13093,1
13094,0
13095,1
13096,1
13097,0
13098,0
13099,1
13100,0
13101,0
13102,1
13103,0
13104,1
13105,0
13106,0
13107,0
13108,0
13109,0
13110,1
13111,1
13112,1
13113,1
13114,0
13115,0
13116,1
13117,1
13118,0
13119,0
13120,1
13121,0
13122,1
13123,0
13124,1
13125,0
13126,0
13127,1
13128,1
13129,1
13130,1
13131,1
13132,0
13133,0
13134,0
13135,1
13136,0
13137,1
13138,1
13139,0
13140,0
13141,0
13142,1
13143,1
13144,0
13145,1
13146,1
13147,1
13148,0
13149,0
13150,1
13151,1
13152,0
13153,1
13154,0
13155,0
13156,1
13157,0
13158,1
13159,1
13160,1
13161,0
13162,0
13163,1
13164,0
13165,1
13166,0
13167,0
13168,1
13169,0
13170,0
13171,1
13172,1
13173,0
13174,0
13175,0
13176,1
13177,0
13178,1
13179,1
13180,1
13181,1
13182,1
13183,1
13184,1
13185,0
13186,0
13187,1
13188,1
13189,1
13190,0
13191,0
13192,1
13193,0
13194,0
13195,1
13196,0
13197,1
13198,1
13199,0
13200,0
13201,1
13202,1
13203,0
13204,1
13205,1
13206,0
13207,1
13208,1
13209,0
13210,1
13211,0
13212,1
13213,1
13214,0
13215,0
13216,1
13217,1
13218,1
13219,1
13220,0
13221,0
13222,1
13223,1
13224,0
13225,1
13226,0
13227,1
13228,1
13229,1
13230,0
13231,0
13232,1
13233,0
13234,0
13235,1
13236,1
13237,1
13238,1
13239,1
13240,1
13241,1
13242,1
13243,0
13244,0
13245,0
13246,0
13247,0
13248,1
13249,0
13250,1
13251,1
13252,1
13253,0
13254,1
13255,1
13256,1
13257,0
13258,0
13259,0
13260,0
13261,1
13262,1
13263,0
13264,0
13265,1
13266,1
13267,1
13268,0
13269,1
13270,1
13271,1
13272,0
13273,1
13274,0
13275,1
13276,1
13277,1
13278,0
13279,0
13280,1
13281,0
13282,1
13283,1
13284,1
13285,1
13286,1
13287,0
13288,1
13289,1
13290,1
13291,0
13292,1
13293,1
13294,1
13295,0
13296,0
13297,0
13298,0
13299,1
13300,0
13301,0
13302,0
13303,0
13304,1
13305,0
13306,1
13307,1
13308,1
13309,1
13310,0
13311,1
13312,0
13313,0
13314,1
13315,0
13316,1
13317,1
13318,0
13319,1
13320,0
13321,0
13322,1
13323,1
13324,1
13325,0
13326,1
13327,1
13328,0
13329,1
13330,1
13331,1
13332,1
13333,0
13334,1
13335,1
13336,1
13337,1
13338,1
13339,1
13340,1
13341,0
13342,0
13343,0
13344,1
13345,1
13346,1
13347,1
13348,1
13349,1
13350,1
13351,0
13352,1
13353,0
13354,0
13355,0
13356,0
13357,0
13358,1
13359,0
13360,1
13361,1
13362,0
13363,0
13364,1
13365,0
13366,1
13367,0
13368,0
13369,0
13370,1
13371,0
13372,0
13373,1
13374,0
13375,0
13376,0
13377,0
13378,0
13379,1
13380,0
13381,1
13382,1
13383,0
13384,1
13385,0
13386,1
13387,1
13388,1
13389,1
13390,1
13391,0
13392,0
13393,0
13394,0
13395,0
13396,1
13397,0
13398,1
13399,0
13400,0
13401,1
13402,1
13403,1
13404,0
13405,1
13406,0
13407,0
13408,1
13409,0
13410,0
13411,0
13412,1
13413,0
13414,0
13415,0
13416,1
13417,0
13418,0
13419,1
13420,1
13421,1
13422,1
13423,1
13424,0
13425,0
13426,1
13427,1
13428,0
13429,1
13430,0
13431,1
13432,1
13433,1
13434,1
13435,0
13436,1
13437,0
13438,1
13439,1
13440,0
13441,0
13442,0
13443,1
13444,1
13445,1
13446,1
13447,0
13448,0
13449,1
13450,1
13451,0
13452,0
13453,0
13454,0
13455,1
13456,1
13457,1
13458,1
13459,1
13460,1
13461,1
13462,1
13463,0
13464,1
13465,1
13466,0
13467,0
13468,1
13469,0
13470,0
13471,1
13472,0
13473,1
13474,0
13475,1
13476,0
13477,1
13478,1
13479,1
13480,1
13481,1
13482,0
13483,0
13484,1
13485,1
13486,0
13487,0
13488,0
13489,1
13490,1
13491,1
13492,1
13493,1
13494,0
13495,0
13496,0
13497,0
13498,0
13499,1
13500,0
13501,1
13502,1
13503,1
13504,0
13505,1
13506,1
13507,1
13508,0
13509,1
13510,0
13511,1
13512,1
13513,1
13514,1
13515,0
13516,0
13517,0
13518,0
13519,1
13520,0
13521,1
13522,0
13523,1
13524,0
13525,1
13526,0
13527,0
13528,1
13529,0
13530,1
13531,0
13532,0
13533,0
13534,1
13535,0
13536,0
13537,0
13538,1
13539,1
13540,1
13541,1
13542,1
13543,0
13544,1
13545,0
13546,1
13547,1
13548,0
13549,0
13550,1
13551,0
13552,1
13553,0
13554,1
13555,0
13556,1
13557,0
13558,1
13559,0
13560,1
13561,1
13562,1
13563,1
13564,1
13565,0
13566,1
13567,0
13568,1
13569,0
13570,1
13571,0
13572,1
13573,1
13574,1
13575,1
13576,0
13577,0
13578,1
13579,1
13580,0
13581,1
13582,0
13583,1
13584,1
13585,0
13586,0
13587,1
13588,0
13589,1
13590,1
13591,1
13592,1
13593,0
13594,0
13595,0
13596,0
13597,0
13598,1
13599,0
13600,0
13601,0
13602,1
13603,1
13604,1
13605,1
13606,0
13607,0
13608,0
13609,1
13610,1
13611,1
13612,0
13613,1
13614,0
13615,0
13616,0
13617,0
13618,1
13619,0
13620,1
13621,1
13622,1
13623,1
13624,1
13625,1
13626,0
13627,1
13628,0
13629,0
13630,0
13631,0
13632,1
13633,1
13634,1
13635,1
13636,1
13637,1
13638,1
13639,1
13640,0
13641,1
13642,1
13643,1
13644,0
13645,1
13646,1
13647,1
13648,0
13649,0
13650,0
13651,0
13652,1
13653,0
13654,0
13655,1
13656,0
13657,0
13658,0
13659,0
13660,1
13661,1
13662,1
13663,0
13664,0
13665,1
13666,0
13667,1
13668,1
13669,1
13670,0
13671,0
13672,1
13673,0
13674,1
13675,0
13676,0
13677,0
13678,1
13679,0
13680,0
13681,0
13682,0
13683,1
13684,1
13685,1
13686,1
13687,1
13688,0
13689,0
13690,0
13691,1
13692,1
13693,1
13694,1
13695,0
13696,0
13697,1
13698,0
13699,0
13700,1
13701,1
13702,1
13703,1
13704,1
13705,0
13706,0
13707,0
13708,1
13709,1
13710,0
13711,1
13712,0
13713,0
13714,0
13715,1
13716,1
13717,0
13718,0
13719,1
13720,1
13721,1
13722,0
13723,1
13724,1
13725,1
13726,0
13727,1
13728,1
13729,1
13730,1
13731,1
13732,1
13733,0
13734,1
13735,0
13736,1
13737,0
13738,1
13739,1
13740,0
13741,0
13742,1
13743,0
13744,1
13745,0
13746,0
13747,0
13748,1
13749,1
13750,1
13751,1
13752,0
13753,1
13754,1
13755,1
13756,0
13757,1
13758,1
13759,0
13760,1
13761,1
13762,0
13763,0
13764,0
13765,1
13766,1
13767,1
13768,0
13769,1
13770,1
13771,1
13772,1
13773,1
13774,1
13775,1
13776,1
13777,0
13778,1
13779,0
13780,0
13781,1
13782,0
13783,1
13784,0
13785,1
13786,0
13787,1
13788,1
13789,0
13790,0
13791,0
13792,1
13793,0
13794,0
13795,0
13796,0
13797,1
13798,0
13799,1
13800,0
13801,0
13802,1
13803,0
13804,0
13805,0
13806,0
13807,0
13808,0
13809,0
13810,0
13811,1
13812,1
13813,1
13814,0
13815,0
13816,0
13817,1
13818,1
13819,1
13820,0
13821,1
13822,1
13823,0
13824,0
13825,0
13826,0
13827,1
13828,0
13829,0
13830,1
13831,1
13832,1
13833,0
13834,0
13835,0
13836,1
13837,0
13838,1
13839,0
13840,1
13841,1
13842,0
13843,0
13844,0
13845,1
13846,0
13847,1
13848,0
13849,0
13850,0
13851,0
13852,0
13853,0
13854,1
13855,0
13856,1
13857,1
13858,0
13859,1
13860,1
13861,0
13862,1
13863,0
13864,1
13865,0
13866,1
13867,0
13868,0
13869,0
13870,1
13871,1
13872,0
13873,0
13874,1
13875,1
13876,1
13877,1
13878,1
13879,0
13880,1
13881,0
13882,1
13883,1
13884,1
13885,1
13886,1
13887,0
13888,1
13889,1
13890,1
13891,0
13892,1
13893,1
13894,1
13895,1
13896,1
13897,0
13898,1
13899,0
13900,0
13901,1
13902,1
13903,1
13904,0
13905,0
13906,1
13907,1
13908,1
13909,1
13910,1
13911,1
13912,0
13913,0
13914,1
13915,1
13916,0
13917,0
13918,0
13919,1
13920,1
13921,1
13922,1
13923,0
13924,0
13925,1
13926,0
13927,1
13928,1
13929,1
13930,1
13931,1
13932,0
13933,0
13934,0
13935,1
13936,0
13937,1
13938,1
13939,0
13940,1
13941,1
13942,1
13943,0
13944,1
13945,1
13946,0
13947,0
13948,0
13949,0
13950,1
13951,0
13952,1
13953,0
13954,1
13955,0
13956,0
13957,0
13958,1
13959,0
13960,1
13961,1
13962,1
13963,1
13964,1
13965,1
13966,0
13967,1
13968,0
13969,1
13970,0
13971,1
13972,0
13973,0
13974,0
13975,0
13976,0
13977,1
13978,0
13979,0
13980,0
13981,0
13982,1
13983,0
13984,1
13985,0
13986,0
13987,1
13988,1
13989,0
13990,1
13991,0
13992,0
13993,0
13994,1
13995,1
13996,1
13997,0
13998,1
13999,0
14000,1
14001,1
14002,0
14003,1
14004,1
14005,1
14006,0
14007,1
14008,1
14009,0
14010,1
14011,1
14012,1
14013,0
14014,1
14015,0
14016,0
14017,1
14018,1
14019,1
14020,0
14021,0
14022,1
14023,0
14024,1
14025,0
14026,1
14027,1
14028,1
14029,1
14030,1
14031,0
14032,0
14033,0
14034,1
14035,1
14036,0
14037,1
14038,0
14039,1
14040,1
14041,0
14042,1
14043,1
14044,1
14045,0
14046,1
14047,1
14048,1
14049,0
14050,0
14051,1
14052,1
14053,1
14054,1
14055,0
14056,1
14057,1
14058,1
14059,0
14060,0
14061,1
14062,0
14063,1
14064,0
14065,1
14066,1
14067,1
14068,1
14069,0
14070,0
14071,1
14072,1
14073,1
14074,1
14075,0
14076,1
14077,0
14078,1
14079,1
14080,1
14081,1
14082,0
14083,1
14084,0
14085,0
14086,0
14087,1
14088,0
14089,0
14090,0
14091,0
14092,1
14093,0
14094,0
14095,1
14096,1
14097,1
14098,0
14099,0
14100,1
14101,0
14102,1
14103,0
14104,0
14105,0
14106,1
14107,0
14108,1
14109,0
14110,0
14111,0
14112,0
14113,1
14114,1
14115,0
14116,1
14117,0
14118,1
14119,0
14120,0
14121,0
14122,1
14123,0
14124,1
14125,1
14126,0
14127,0
14128,1
14129,1
14130,0
14131,0
14132,1
14133,1
14134,1
14135,0
14136,0
14137,0
14138,1
14139,1
14140,0
14141,0
14142,1
14143,0
14144,0
14145,1
14146,1
14147,0
14148,1
14149,0
14150,1
14151,0
14152,1
14153,0
14154,0
14155,1
14156,0
14157,0
14158,1
14159,0
14160,1
14161,0
14162,1
14163,0
14164,0
14165,1
14166,1
14167,1
14168,0
14169,0
14170,0
14171,1
14172,0
14173,0
14174,0
14175,0
14176,0
14177,1
14178,1
14179,0
14180,1
14181,1
14182,0
14183,1
14184,1
14185,1
14186,0
14187,1
14188,0
14189,1
14190,1
14191,1
14192,0
14193,0
14194,0
14195,1
14196,1
14197,1
14198,1
14199,1
14200,1
14201,0
14202,1
14203,1
14204,1
14205,1
14206,1
14207,0
14208,1
14209,0
14210,1
14211,1
14212,1
14213,0
14214,0
14215,0
14216,1
14217,0
14218,0
14219,0
14220,1
14221,0
14222,1
14223,1
14224,1
14225,0
14226,1
14227,1
14228,0
14229,0
14230,1
14231,0
14232,0
14233,1
14234,0
14235,0
14236,1
14237,0
14238,0
14239,1
14240,1
14241,1
14242,1
14243,1
14244,0
14245,1
14246,1
14247,0
14248,0
14249,1
14250,1
14251,0
14252,1
14253,0
14254,0
14255,1
14256,0
14257,0
14258,0
14259,1
14260,1
14261,0
14262,0
14263,0
14264,0
14265,1
14266,0
14267,1
14268,0
14269,1
14270,0
14271,0
14272,1
14273,0
14274,1
14275,1
14276,1
14277,1
14278,1
14279,1
14280,1
14281,0
14282,1
14283,0
14284,0
14285,0
14286,1
14287,0
14288,1
14289,1
14290,0
14291,0
14292,1
14293,1
14294,0
14295,1
14296,1
14297,1
14298,1
14299,0
14300,1
14301,0
14302,0
14303,0
14304,1
14305,0
14306,0
14307,0
14308,1
14309,1
14310,0
14311,1
14312,0
14313,1
14314,1
14315,0
14316,1
14317,1
14318,1
14319,0
14320,0
14321,0
14322,0
14323,1
14324,0
14325,0
14326,0
14327,0
14328,0
14329,1
14330,1
14331,1
14332,1
14333,1
14334,1
14335,1
14336,0
14337,0
14338,1
14339,0
14340,0
14341,1
14342,1
14343,1
14344,0
14345,0
14346,1
14347,0
14348,1
14349,0
14350,0
14351,0
14352,0
14353,1
14354,0
14355,1
14356,0
14357,1
14358,1
14359,0
14360,1
14361,0
14362,0
14363,1
14364,0
14365,1
14366,0
14367,1
14368,1
14369,0
14370,1
14371,1
14372,0
14373,0
14374,1
14375,0
14376,1
14377,1
14378,1
14379,1
14380,0
14381,0
14382,1
14383,1
14384,1
14385,1
14386,1
14387,1
14388,1
14389,1
14390,0
14391,1
14392,1
14393,0
14394,1
14395,1
14396,0
14397,0
14398,0
14399,1
14400,1
14401,0
14402,1
14403,1
14404,0
14405,1
14406,1
14407,0
14408,0
14409,1
14410,0
14411,1
14412,1
14413,1
14414,1
14415,0
14416,0
14417,1
14418,0
14419,0
14420,1
14421,0
14422,0
14423,1
14424,1
14425,1
14426,0
14427,1
14428,1
14429,1
14430,1
14431,0
14432,1
14433,0
14434,0
14435,0
14436,1
14437,1
14438,1
14439,0
14440,0
14441,1
14442,0
14443,1
14444,1
14445,0
14446,1
14447,1
14448,1
14449,1
14450,0
14451,1
14452,1
14453,0
14454,1
14455,1
14456,0
14457,0
14458,1
14459,0
14460,1
14461,1
14462,1
14463,1
14464,0
14465,0
14466,1
14467,0
14468,0
14469,1
14470,1
14471,0
14472,1
14473,1
14474,1
14475,1
14476,0
14477,1
14478,0
14479,1
14480,1
14481,1
14482,1
14483,1
14484,1
14485,0
14486,0
14487,1
14488,1
14489,1
14490,1
14491,1
14492,1
14493,0
14494,1
14495,1
14496,0
14497,0
14498,1
14499,1
14500,0
14501,1
14502,1
14503,0
14504,1
14505,0
14506,1
14507,0
14508,1
14509,1
14510,1
14511,1
14512,0
14513,0
14514,1
14515,1
14516,1
14517,0
14518,0
14519,1
14520,1
14521,0
14522,0
14523,1
14524,0
14525,1
14526,1
14527,0
14528,0
14529,0
14530,1
14531,1
14532,1
14533,0
14534,1
14535,1
14536,1
14537,1
14538,1
14539,0
14540,1
14541,0
14542,0
14543,1
14544,0
14545,0
14546,0
14547,0
14548,1
14549,0
14550,1
14551,1
14552,1
14553,1
14554,0
14555,1
14556,0
14557,0
14558,0
14559,0
14560,0
14561,1
14562,0
14563,0
14564,0
14565,1
14566,0
14567,1
14568,0
14569,1
14570,1
14571,0
14572,0
14573,1
14574,0
14575,1
14576,0
14577,1
14578,0
14579,1
14580,1
14581,1
14582,1
14583,0
14584,1
14585,0
14586,0
14587,0
14588,0
14589,1
14590,0
14591,0
14592,1
14593,1
14594,1
14595,1
14596,0
14597,1
14598,0
14599,0
14600,1
14601,1
14602,1
14603,1
14604,0
14605,1
14606,1
14607,0
14608,0
14609,0
14610,1
14611,1
14612,0
14613,0
14614,1
14615,1
14616,1
14617,0
14618,1
14619,1
14620,1
14621,1
14622,0
14623,0
14624,1
14625,1
14626,0
14627,0
14628,0
14629,0
14630,0
14631,0
14632,0
14633,1
14634,1
14635,1
14636,1
14637,0
14638,1
14639,1
14640,0
14641,1
14642,0
14643,0
14644,0
14645,0
14646,0
14647,1
14648,1
14649,0
14650,0
14651,1
14652,0
14653,0
14654,0
14655,1
14656,1
14657,1
14658,0
14659,0
14660,0
14661,1
14662,1
14663,0
14664,1
14665,1
14666,1
14667,0
14668,0
14669,0
14670,1
14671,0
14672,1
14673,1
14674,0
14675,0
14676,1
14677,0
14678,0
14679,0
14680,1
14681,1
14682,0
14683,1
14684,1
14685,0
14686,1
14687,1
14688,0
14689,1
14690,1
14691,1
14692,0
14693,0
14694,1
14695,1
14696,0
14697,0
14698,0
14699,1
14700,0
14701,0
14702,1
14703,1
14704,1
14705,0
14706,1
14707,0
14708,0
14709,0
14710,0
14711,0
14712,1
14713,0
14714,1
14715,1
14716,0
14717,0
14718,0
14719,0
14720,0
14721,0
14722,1
14723,0
14724,1
14725,0
14726,0
14727,0
14728,1
14729,1
14730,1
14731,0
14732,1
14733,0
14734,0
14735,1
14736,1
14737,0
14738,0
14739,1
14740,0
14741,1
14742,0
14743,1
14744,1
14745,1
14746,0
14747,0
14748,1
14749,0
14750,0
14751,0
14752,1
14753,1
14754,1
14755,1
14756,0
14757,1
14758,1
14759,1
14760,1
14761,1
14762,1
14763,0
14764,1
14765,0
14766,1
14767,0
14768,1
14769,0
14770,0
14771,0
14772,0
14773,0
14774,0
14775,1
14776,1
14777,0
14778,1
14779,0
14780,0
14781,0
14782,0
14783,0
14784,1
14785,0
14786,1
14787,0
14788,1
14789,1
14790,0
14791,1
14792,1
14793,0
14794,0
14795,1
14796,0
14797,1
14798,0
14799,0
14800,0
14801,0
14802,0
14803,1
14804,0
14805,1
14806,0
14807,0
14808,0
14809,0
14810,1
14811,0
14812,0
14813,1
14814,1
14815,1
14816,1
14817,1
14818,0
14819,1
14820,1
14821,0
14822,0
14823,1
14824,1
14825,0
14826,0
14827,0
14828,1
14829,0
14830,0
14831,1
14832,0
14833,0
14834,0
14835,1
14836,0
14837,1
14838,1
14839,1
14840,1
14841,1
14842,1
14843,1
14844,1
14845,1
14846,1
14847,1
14848,1
14849,1
14850,0
14851,0
14852,1
14853,1
14854,0
14855,1
14856,1
14857,0
14858,1
14859,0
14860,0
14861,1
14862,0
14863,0
14864,1
14865,1
14866,1
14867,1
14868,1
14869,0
14870,1
14871,0
14872,1
14873,1
14874,1
14875,1
14876,1
14877,1
14878,1
14879,0
14880,1
14881,1
14882,0
14883,0
14884,1
14885,1
14886,0
14887,1
14888,0
14889,0
14890,0
14891,0
14892,0
14893,1
14894,1
14895,0
14896,1
14897,0
14898,1
14899,1
14900,0
14901,1
14902,1
14903,1
14904,0
14905,0
14906,0
14907,1
14908,1
14909,1
14910,1
14911,1
14912,1
14913,0
14914,0
14915,1
14916,1
14917,1
14918,0
14919,1
14920,0
14921,1
14922,0
14923,0
14924,0
14925,0
14926,1
14927,0
14928,1
14929,1
14930,1
14931,1
14932,0
14933,0
14934,1
14935,0
14936,1
14937,1
14938,1
14939,0
14940,0
14941,0
14942,1
14943,1
14944,0
14945,1
14946,0
14947,0
14948,1
14949,1
14950,1
14951,1
14952,1
14953,1
14954,1
14955,0
14956,0
14957,0
14958,0
14959,0
14960,1
14961,1
14962,0
14963,0
14964,1
14965,0
14966,1
14967,1
14968,1
14969,0
14970,1
14971,1
14972,0
14973,0
14974,1
14975,0
14976,1
14977,0
14978,0
14979,1
14980,1
14981,0
14982,1
14983,0
14984,1
14985,0
14986,1
14987,1
14988,1
14989,1
14990,0
14991,1
14992,0
14993,1
14994,0
14995,1
14996,0
14997,1
14998,1
14999,0
15000,1
15001,1
15002,1
15003,1
15004,1
15005,0
15006,1
15007,0
15008,1
15009,1
15010,1
15011,1
15012,1
15013,0
15014,1
15015,0
15016,0
15017,0
15018,1
15019,0
15020,0
15021,0
15022,1
15023,0
15024,1
15025,1
15026,1
15027,1
15028,0
15029,0
15030,0
15031,1
15032,1
15033,1
15034,1
15035,1
15036,1
15037,1
15038,1
15039,1
15040,1
15041,0
15042,0
15043,0
15044,1
15045,0
15046,1
15047,1
15048,0
15049,1
15050,1
15051,0
15052,1
15053,0
15054,0
15055,1
15056,0
15057,0
15058,1
15059,1
15060,0
15061,1
15062,1
15063,1
15064,0
15065,1
15066,0
15067,0
15068,1
15069,1
15070,0
15071,1
15072,1
15073,0
15074,1
15075,1
15076,1
15077,0
15078,0
15079,0
15080,1
15081,0
15082,1
15083,1
15084,1
15085,0
15086,0
15087,1
15088,1
15089,0
15090,1
15091,1
15092,1
15093,1
15094,0
15095,0
15096,0
15097,1
15098,1
15099,1
15100,0
15101,1
15102,0
15103,0
15104,1
15105,0
15106,1
15107,1
15108,1
15109,0
15110,1
15111,1
15112,1
15113,1
15114,1
15115,1
15116,1
15117,1
15118,0
15119,1
15120,0
15121,0
15122,1
15123,0
15124,1
15125,1
15126,1
15127,0
15128,0
15129,1
15130,0
15131,1
15132,0
15133,1
15134,0
15135,0
15136,1
15137,1
15138,1
15139,0
15140,1
15141,0
15142,1
15143,0
15144,1
15145,0
15146,1
15147,0
15148,0
15149,0
15150,0
15151,0
15152,1
15153,1
15154,0
15155,0
15156,1
15157,1
15158,1
15159,0
15160,0
15161,1
15162,0
15163,1
15164,0
15165,0
15166,0
15167,1
15168,0
15169,1
15170,0
15171,0
15172,1
15173,1
15174,1
15175,1
15176,0
15177,0
15178,1
15179,0
15180,1
15181,0
15182,0
15183,1
15184,0
15185,0
15186,0
15187,0
15188,1
15189,1
15190,0
15191,0
15192,1
15193,1
15194,1
15195,1
15196,1
15197,0
15198,1
15199,0
15200,0
15201,0
15202,1
15203,0
15204,0
15205,1
15206,1
15207,0
15208,1
15209,0
15210,1
15211,0
15212,1
15213,1
15214,1
15215,0
15216,0
15217,0
15218,1
15219,1
15220,0
15221,0
15222,1
15223,1
15224,0
15225,0
15226,0
15227,1
15228,0
15229,0
15230,1
15231,0
15232,1
15233,0
15234,1
15235,1
15236,1
15237,1
15238,1
15239,1
15240,0
15241,1
15242,1
15243,1
15244,0
15245,0
15246,1
15247,1
15248,0
15249,0
15250,0
15251,0
15252,1
15253,0
15254,0
15255,1
15256,0
15257,1
15258,0
15259,0
15260,1
15261,1
15262,1
15263,0
15264,0
15265,1
15266,0
15267,1
15268,1
15269,0
15270,1
15271,1
15272,1
15273,1
15274,0
15275,0
15276,1
15277,1
15278,0
15279,1
15280,1
15281,0
15282,1
15283,0
15284,0
15285,0
15286,0
15287,0
15288,0
15289,1
15290,0
15291,0
15292,0
15293,0
15294,0
15295,1
15296,0
15297,0
15298,1
15299,1
15300,0
15301,0
15302,1
15303,0
15304,0
15305,1
15306,0
15307,0
15308,1
15309,1
15310,0
15311,1
15312,1
15313,0
15314,1
15315,1
15316,0
15317,1
15318,1
15319,1
15320,0
15321,1
15322,1
15323,1
15324,0
15325,1
15326,1
15327,0
15328,0
15329,0
15330,1
15331,1
15332,1
15333,0
15334,1
15335,1
15336,1
15337,1
15338,1
15339,1
15340,0
15341,0
15342,1
15343,1
15344,0
15345,0
15346,0
15347,0
15348,0
15349,1
15350,0
15351,1
15352,0
15353,0
15354,1
15355,1
15356,1
15357,1
15358,0
15359,1
15360,1
15361,0
15362,0
15363,0
15364,1
15365,1
15366,1
15367,1
15368,0
15369,1
15370,0
15371,1
15372,1
15373,0
15374,1
15375,1
15376,1
15377,1
15378,1
15379,0
15380,1
15381,0
15382,1
15383,0
15384,1
15385,0
15386,1
15387,0
15388,0
15389,0
15390,1
15391,1
15392,0
15393,1
15394,1
15395,1
15396,0
15397,1
15398,1
15399,0
15400,0
15401,1
15402,0
15403,1
15404,1
15405,0
15406,0
15407,1
15408,1
15409,1
15410,0
15411,1
15412,0
15413,0
15414,1
15415,0
15416,1
15417,0
15418,0
15419,1
15420,0
15421,1
15422,1
15423,1
15424,1
15425,0
15426,0
15427,1
15428,1
15429,1
15430,0
15431,1
15432,1
15433,0
15434,0
15435,0
15436,0
15437,1
15438,0
15439,1
15440,1
15441,1
15442,0
15443,0
15444,0
15445,0
15446,1
15447,0
15448,0
15449,0
15450,0
15451,0
15452,1
15453,1
15454,1
15455,0
15456,1
15457,0
15458,1
15459,1
15460,1
15461,0
15462,1
15463,1
15464,1
15465,1
15466,0
15467,1
15468,1
15469,0
15470,1
15471,0
15472,0
15473,1
15474,1
15475,1
15476,0
15477,1
15478,1
15479,1
15480,0
15481,1
15482,0
15483,1
15484,1
15485,1
15486,0
15487,0
15488,1
15489,1
15490,0
15491,0
15492,0
15493,1
15494,0
15495,1
15496,0
15497,0
15498,0
15499,0
15500,0
15501,1
15502,1
15503,0
15504,1
15505,1
15506,0
15507,0
15508,0
15509,1
15510,1
15511,0
15512,1
15513,1
15514,1
15515,1
15516,0
15517,1
15518,1
15519,1
15520,1
15521,1
15522,0
15523,0
15524,1
15525,0
15526,1
15527,0
15528,0
15529,1
15530,1
15531,0
15532,1
15533,0
15534,0
15535,1
15536,1
15537,0
15538,1
15539,0
15540,1
15541,0
15542,0
15543,0
15544,0
15545,0
15546,1
15547,1
15548,1
15549,0
15550,1
15551,1
15552,0
15553,1
15554,0
15555,1
15556,1
15557,1
15558,0
15559,1
15560,0
15561,1
15562,0
15563,1
15564,1
15565,0
15566,1
15567,0
15568,0
15569,1
15570,0
15571,1
15572,0
15573,1
15574,1
15575,0
15576,0
15577,0
15578,1
15579,0
15580,0
15581,1
15582,1
15583,0
15584,0
15585,0
15586,0
15587,1
15588,0
15589,0
15590,1
15591,0
15592,0
15593,0
15594,0
15595,0
15596,1
15597,1
15598,0
15599,1
15600,1
15601,1
15602,0
15603,1
15604,0
15605,1
15606,1
15607,1
15608,1
15609,1
15610,1
15611,0
15612,1
15613,0
15614,1
15615,1
15616,1
15617,1
15618,1
15619,0
15620,0
15621,0
15622,1
15623,0
15624,0
15625,1
15626,1
15627,1
15628,1
15629,1
15630,0
15631,0
15632,1
15633,0
15634,0
15635,0
15636,1
15637,0
15638,0
15639,1
15640,1
15641,0
15642,1
15643,1
15644,1
15645,1
15646,1
15647,0
15648,0
15649,1
15650,0
15651,0
15652,1
15653,1
15654,0
15655,1
15656,1
15657,1
15658,1
15659,0
15660,1
15661,0
15662,1
15663,0
15664,1
15665,0
15666,1
15667,0
15668,0
15669,1
15670,1
15671,1
15672,0
15673,0
15674,1
15675,0
15676,0
15677,0
15678,1
15679,1
15680,1
15681,1
15682,0
15683,0
15684,0
15685,1
15686,1
15687,0
15688,1
15689,1
15690,1
15691,1
15692,0
15693,1
15694,1
15695,1
15696,1
15697,1
15698,1
15699,0
15700,1
15701,1
15702,1
15703,0
15704,0
15705,0
15706,1
15707,0
15708,0
15709,0
15710,1
15711,0
15712,1
15713,1
15714,1
15715,1
15716,0
15717,1
15718,0
15719,1
15720,1
15721,0
15722,0
15723,0
15724,1
15725,0
15726,1
15727,0
15728,0
15729,0
15730,1
15731,1
15732,1
15733,0
15734,1
15735,1
15736,1
15737,1
15738,1
15739,1
15740,1
15741,1
15742,1
15743,1
15744,1
15745,0
15746,1
15747,1
15748,1
15749,0
15750,1
15751,1
15752,1
15753,1
15754,1
15755,1
15756,0
15757,0
15758,0
15759,0
15760,0
15761,1
15762,1
15763,0
15764,1
15765,1
15766,0
15767,1
15768,0
15769,0
15770,1
15771,0
15772,1
15773,0
15774,1
15775,1
15776,1
15777,0
15778,0
15779,1
15780,1
15781,0
15782,0
15783,0
15784,1
15785,1
15786,0
15787,0
15788,1
15789,0
15790,0
15791,1
15792,0
15793,0
15794,1
15795,0
15796,1
15797,1
15798,1
15799,0
15800,0
15801,1
15802,0
15803,0
15804,0
15805,0
15806,1
15807,1
15808,1
15809,0
15810,0
15811,1
15812,0
15813,0
15814,1
15815,0
15816,0
15817,1
15818,0
15819,0
15820,1
15821,0
15822,1
15823,1
15824,0
15825,0
15826,1
15827,0
15828,0
15829,0
15830,0
15831,0
15832,1
15833,0
15834,1
15835,0
15836,1
15837,0
15838,1
15839,1
15840,1
15841,1
15842,1
15843,0
15844,0
15845,0
15846,1
15847,0
15848,0
15849,1
15850,0
15851,1
15852,0
15853,1
15854,0
15855,1
15856,1
15857,1
15858,0
15859,0
15860,0
15861,1
15862,0
15863,1
15864,0
15865,1
15866,1
15867,0
15868,0
15869,1
15870,1
15871,1
15872,0
15873,0
15874,0
15875,1
15876,0
15877,1
15878,1
15879,1
15880,1
15881,1
15882,0
15883,1
15884,0
15885,0
15886,0
15887,1
15888,1
15889,0
15890,0
15891,0
15892,1
15893,1
15894,1
15895,0
15896,1
15897,0
15898,0
15899,0
15900,0
15901,0
15902,1
15903,0
15904,0
15905,0
15906,1
15907,1
15908,1
15909,1
15910,0
15911,1
15912,1
15913,1
15914,1
15915,1
15916,1
15917,0
15918,0
15919,0
15920,1
15921,0
15922,1
15923,0
15924,1
15925,1
15926,1
15927,0
15928,0
15929,0
15930,0
15931,0
15932,0
15933,1
15934,0
15935,1
15936,1
15937,1
15938,1
15939,0
15940,1
15941,0
15942,1
15943,1
15944,0
15945,1
15946,0
15947,0
15948,1
15949,1
15950,0
15951,0
15952,0
15953,1
15954,0
15955,0
15956,1
15957,0
15958,1
15959,1
15960,0
15961,0
15962,0
15963,0
15964,0
15965,1
15966,1
15967,0
15968,1
15969,0
15970,0
15971,1
15972,1
15973,0
15974,0
15975,0
15976,1
15977,0
15978,1
15979,0
15980,1
15981,0
15982,1
15983,0
15984,0
15985,1
15986,1
15987,0
15988,1
15989,0
15990,1
15991,1
15992,1
15993,1
15994,0
15995,1
15996,0
15997,1
15998,1
15999,1
16000,1
16001,0
16002,1
16003,0
16004,0
16005,1
16006,0
16007,0
16008,0
16009,1
16010,1
16011,1
16012,1
16013,1
16014,0
16015,1
16016,0
16017,1
16018,1
16019,1
16020,1
16021,0
16022,0
16023,0
16024,1
16025,0
16026,0
16027,1
16028,0
16029,1
16030,1
16031,1
16032,1
16033,0
16034,1
16035,0
16036,0
16037,1
16038,1
16039,1
16040,1
16041,0
16042,1
16043,0
16044,1
16045,0
16046,1
16047,0
16048,1
16049,1
16050,1
16051,0
16052,1
16053,0
16054,1
16055,0
16056,1
16057,0
16058,1
16059,0
16060,0
16061,1
16062,1
16063,0
16064,0
16065,0
16066,0
16067,0
16068,0
16069,1
16070,1
16071,0
16072,0
16073,1
16074,1
16075,1
16076,0
16077,0
16078,0
16079,1
16080,1
16081,0
16082,0
16083,1
16084,1
16085,1
16086,1
16087,1
16088,0
16089,0
16090,1
16091,1
16092,1
16093,0
16094,0
16095,0
16096,0
16097,1
16098,1
16099,1
16100,1
16101,0
16102,0
16103,1
16104,1
16105,0
16106,1
16107,1
16108,1
16109,1
16110,1
16111,1
16112,0
16113,0
16114,0
16115,0
16116,0
16117,0
16118,1
16119,0
16120,0
16121,1
16122,1
16123,1
16124,0
16125,1
16126,1
16127,0
16128,1
16129,0
16130,0
16131,0
16132,1
16133,1
16134,1
16135,1
16136,1
16137,0
16138,1
16139,0
16140,1
16141,1
16142,0
16143,0
16144,0
16145,0
16146,0
16147,1
16148,0
16149,1
16150,1
16151,1
16152,1
16153,1
16154,1
16155,0
16156,1
16157,1
16158,0
16159,1
16160,1
16161,0
16162,1
16163,0
16164,0
16165,0
16166,1
16167,0
16168,1
16169,0
16170,1
16171,1
16172,0
16173,0
16174,1
16175,1
16176,0
16177,0
16178,0
16179,1
16180,1
16181,0
16182,0
16183,1
16184,0
16185,0
16186,0
16187,1
16188,0
16189,0
16190,0
16191,1
16192,0
16193,0
16194,0
16195,1
16196,0
16197,1
16198,0
16199,1
16200,0
16201,1
16202,1
16203,0
16204,1
16205,0
16206,0
16207,1
16208,0
16209,1
16210,1
16211,1
16212,0
16213,0
16214,1
16215,0
16216,0
16217,1
16218,1
16219,1
16220,1
16221,1
16222,0
16223,1
16224,0
16225,0
16226,0
16227,0
16228,0
16229,0
16230,0
16231,1
16232,1
16233,0
16234,0
16235,1
16236,1
16237,1
16238,0
16239,1
16240,1
16241,0
16242,1
16243,0
16244,1
16245,1
16246,1
16247,1
16248,1
16249,1
16250,1
16251,0
16252,1
16253,1
16254,1
16255,1
16256,0
16257,1
16258,0
16259,1
16260,0
16261,1
16262,0
16263,0
16264,1
16265,1
16266,1
16267,1
16268,0
16269,0
16270,0
16271,0
16272,1
16273,0
16274,0
16275,1
16276,1
16277,1
16278,0
16279,0
16280,1
16281,1
16282,0
16283,0
16284,0
16285,1
16286,0
16287,0
16288,0
16289,0
16290,0
16291,1
16292,0
16293,0
16294,1
16295,1
16296,0
16297,1
16298,0
16299,0
16300,1
16301,0
16302,0
16303,1
16304,0
16305,0
16306,0
16307,0
16308,0
16309,1
16310,0
16311,0
16312,1
16313,0
16314,0
16315,0
16316,1
16317,1
16318,1
16319,1
16320,0
16321,0
16322,1
16323,1
16324,1
16325,1
16326,1
16327,1
16328,1
16329,1
16330,0
16331,0
16332,1
16333,1
16334,1
16335,0
16336,0
16337,0
16338,1
16339,0
16340,1
16341,0
16342,0
16343,0
16344,1
16345,0
16346,1
16347,1
16348,1
16349,0
16350,0
16351,1
16352,0
16353,0
16354,0
16355,0
16356,0
16357,0
16358,1
16359,0
16360,1
16361,0
16362,1
16363,1
16364,1
16365,1
16366,1
16367,0
16368,1
16369,1
16370,0
16371,1
16372,0
16373,1
16374,0
16375,0
16376,0
16377,0
16378,0
16379,0
16380,1
16381,1
16382,1
16383,1
16384,1
16385,1
16386,1
16387,0
16388,0
16389,1
16390,1
16391,1
16392,1
16393,1
16394,1
16395,0
16396,0
16397,0
16398,0
16399,1
16400,0
16401,1
16402,1
16403,1
16404,0
16405,0
16406,1
16407,0
16408,1
16409,0
16410,0
16411,1
16412,0
16413,1
16414,1
16415,1
16416,0
16417,0
16418,0
16419,1
16420,1
16421,0
16422,1
16423,1
16424,1
16425,0
16426,0
16427,0
16428,0
16429,0
16430,0
16431,0
16432,0
16433,1
16434,0
16435,1
16436,1
16437,0
16438,1
16439,0
16440,1
16441,0
16442,0
16443,0
16444,1
16445,1
16446,0
16447,1
16448,1
16449,1
16450,1
16451,1
16452,0
16453,0
16454,0
16455,1
16456,0
16457,1
16458,0
16459,1
16460,1
16461,0
16462,1
16463,1
16464,0
16465,0
16466,1
16467,1
16468,1
16469,0
16470,0
16471,1
16472,0
16473,1
16474,1
16475,1
16476,0
16477,0
16478,0
16479,0
16480,0
16481,0
16482,1
16483,1
16484,1
16485,1
16486,0
16487,0
16488,1
16489,1
16490,1
16491,1
16492,0
16493,1
16494,1
16495,1
16496,0
16497,1
16498,1
16499,0
16500,1
16501,0
16502,1
16503,1
16504,0
16505,1
16506,1
16507,1
16508,1
16509,1
16510,1
16511,0
16512,1
16513,1
16514,1
16515,1
16516,0
16517,0
16518,1
16519,1
16520,1
16521,0
16522,1
16523,0
16524,0
16525,0
16526,1
16527,1
16528,0
16529,0
16530,1
16531,1
16532,1
16533,1
16534,1
16535,1
16536,0
16537,0
16538,0
16539,1
16540,0
16541,0
16542,1
16543,0
16544,0
16545,1
16546,1
16547,0
16548,1
16549,1
16550,0
16551,0
16552,1
16553,0
16554,0
16555,1
16556,1
16557,0
16558,1
16559,1
16560,1
16561,0
16562,0
16563,0
16564,0
16565,1
16566,1
16567,1
16568,0
16569,1
16570,1
16571,0
16572,0
16573,0
16574,1
16575,1
16576,0
16577,0
16578,1
16579,0
16580,1
16581,1
16582,0
16583,1
16584,0
16585,0
16586,1
16587,0
16588,0
16589,0
16590,1
16591,1
16592,1
16593,0
16594,1
16595,1
16596,0
16597,1
16598,0
16599,1
16600,1
16601,1
16602,0
16603,0
16604,1
16605,1
16606,1
16607,1
16608,1
16609,1
16610,1
16611,0
16612,0
16613,1
16614,1
16615,0
16616,0
16617,1
16618,0
16619,0
16620,0
16621,0
16622,1
16623,1
16624,0
16625,1
16626,0
16627,1
16628,1
16629,1
16630,1
16631,0
16632,0
16633,1
16634,1
16635,0
16636,1
16637,0
16638,1
16639,1
16640,1
16641,0
16642,0
16643,1
16644,0
16645,1
16646,1
16647,1
16648,1
16649,1
16650,0
16651,1
16652,0
16653,1
16654,0
16655,1
16656,1
16657,1
16658,0
16659,1
16660,0
16661,1
16662,0
16663,1
16664,1
16665,1
16666,1
16667,0
16668,0
16669,0
16670,0
16671,1
16672,1
16673,0
16674,0
16675,0
16676,1
16677,1
16678,1
16679,1
16680,1
16681,0
16682,1
16683,1
16684,0
16685,0
16686,0
16687,1
16688,1
16689,0
16690,1
16691,0
16692,0
16693,1
16694,0
16695,1
16696,1
16697,1
16698,1
16699,1
16700,0
16701,0
16702,0
16703,0
16704,1
16705,0
16706,0
16707,1
16708,1
16709,1
16710,1
16711,0
16712,1
16713,0
16714,0
16715,0
16716,1
16717,1
16718,0
16719,0
16720,0
16721,1
16722,0
16723,1
16724,0
16725,0
16726,1
16727,0
16728,0
16729,0
16730,0
16731,0
16732,0
16733,1
16734,1
16735,0
16736,0
16737,0
16738,0
16739,0
16740,1
16741,1
16742,1
16743,1
16744,0
16745,0
16746,0
16747,0
16748,1
16749,1
16750,0
16751,1
16752,0
16753,0
16754,1
16755,1
16756,0
16757,0
16758,1
16759,0
16760,0
16761,1
16762,0
16763,1
16764,0
16765,1
16766,0
16767,1
16768,1
16769,1
16770,0
16771,1
16772,1
16773,0
16774,0
16775,1
16776,0
16777,1
16778,1
16779,1
16780,1
16781,0
16782,1
16783,0
16784,0
16785,0
16786,0
16787,1
16788,0
16789,1
16790,1
16791,0
16792,1
16793,0
16794,1
16795,1
16796,1
16797,0
16798,1
16799,1
16800,0
16801,1
16802,1
16803,0
16804,1
16805,0
16806,1
16807,1
16808,1
16809,1
16810,1
16811,1
16812,0
16813,1
16814,1
16815,1
16816,1
16817,0
16818,1
16819,1
16820,1
16821,0
16822,0
16823,0
16824,0
16825,1
16826,1
16827,1
16828,1
16829,1
16830,1
16831,1
16832,1
16833,0
16834,1
16835,0
16836,1
16837,1
16838,1
16839,0
16840,1
16841,1
16842,1
16843,0
16844,1
16845,0
16846,1
16847,0
16848,0
16849,1
16850,1
16851,1
16852,1
16853,1
16854,1
16855,1
16856,1
16857,0
16858,1
16859,0
16860,1
16861,1
16862,1
16863,0
16864,1
16865,1
16866,1
16867,1
16868,1
16869,1
16870,0
16871,0
16872,0
16873,1
16874,0
16875,1
16876,1
16877,1
16878,0
16879,1
16880,1
16881,0
16882,1
16883,0
16884,1
16885,0
16886,0
16887,1
16888,1
16889,1
16890,0
16891,1
16892,1
16893,1
16894,1
16895,0
16896,1
16897,1
16898,1
16899,1
16900,1
16901,0
16902,0
16903,1
16904,1
16905,1
16906,0
16907,1
16908,0
16909,1
16910,1
16911,0
16912,1
16913,1
16914,0
16915,1
16916,1
16917,0
16918,1
16919,1
16920,0
16921,1
16922,1
16923,0
16924,1
16925,0
16926,1
16927,1
16928,0
16929,1
16930,0
16931,0
16932,0
16933,0
16934,0
16935,1
16936,0
16937,0
16938,1
16939,1
16940,0
16941,1
16942,1
16943,0
16944,1
16945,1
16946,0
16947,0
16948,1
16949,0
16950,1
16951,0
16952,1
16953,1
16954,1
16955,1
16956,1
16957,0
16958,1
16959,0
16960,1
16961,1
16962,1
16963,1
16964,1
16965,0
16966,0
16967,1
16968,1
16969,1
16970,0
16971,1
16972,1
16973,0
16974,0
16975,0
16976,1
16977,1
16978,0
16979,0
16980,0
16981,1
16982,0
16983,1
16984,0
16985,1
16986,0
16987,1
16988,1
16989,1
16990,0
16991,1
16992,0
16993,0
16994,1
16995,0
16996,1
16997,1
16998,0
16999,1
17000,0
17001,1
17002,1
17003,0
17004,0
17005,0
17006,1
17007,0
17008,1
17009,0
17010,0
17011,1
17012,0
17013,1
17014,0
17015,0
17016,1
17017,0
17018,0
17019,0
17020,0
17021,1
17022,0
17023,1
17024,1
17025,0
17026,1
17027,0
17028,1
17029,0
17030,0
17031,1
17032,0
17033,0
17034,1
17035,1
17036,1
17037,0
17038,0
17039,0
17040,1
17041,0
17042,0
17043,0
17044,1
17045,0
17046,0
17047,1
17048,1
17049,0
17050,0
17051,1
17052,1
17053,0
17054,0
17055,1
17056,1
17057,1
17058,1
17059,1
17060,0
17061,1
17062,1
17063,1
17064,0
17065,1
17066,1
17067,1
17068,0
17069,0
17070,1
17071,0
17072,0
17073,1
17074,0
17075,1
17076,0
17077,1
17078,0
17079,0
17080,1
17081,0
17082,0
17083,0
17084,0
17085,0
17086,0
17087,1
17088,1
17089,1
17090,1
17091,1
17092,0
17093,0
17094,1
17095,0
17096,1
17097,1
17098,1
17099,0
17100,0
17101,1
17102,0
17103,0
17104,0
17105,0
17106,0
17107,1
17108,1
17109,0
17110,0
17111,1
17112,0
17113,1
17114,1
17115,1
17116,1
17117,0
17118,1
17119,1
17120,0
17121,1
17122,1
17123,0
17124,0
17125,1
17126,0
17127,0
17128,1
17129,0
17130,0
17131,1
17132,1
17133,1
17134,0
17135,0
17136,0
17137,0
17138,0
17139,0
17140,1
17141,1
17142,0
17143,1
17144,1
17145,1
17146,1
17147,0
17148,1
17149,0
17150,1
17151,0
17152,1
17153,0
17154,1
17155,1
17156,0
17157,1
17158,1
17159,0
17160,0
17161,1
17162,1
17163,1
17164,1
17165,1
17166,1
17167,0
17168,1
17169,1
17170,1
17171,0
17172,1
17173,0
17174,1
17175,1
17176,1
17177,0
17178,0
17179,1
17180,1
17181,0
17182,1
17183,1
17184,1
17185,1
17186,0
17187,0
17188,1
17189,1
17190,1
17191,1
17192,1
17193,0
17194,0
17195,1
17196,1
17197,0
17198,1
17199,0
17200,0
17201,0
17202,0
17203,0
17204,0
17205,1
17206,0
17207,1
17208,0
17209,1
17210,1
17211,1
17212,1
17213,1
17214,1
17215,0
17216,0
17217,1
17218,0
17219,0
17220,0
17221,0
17222,1
17223,1
17224,1
17225,0
17226,1
17227,0
17228,1
17229,1
17230,1
17231,1
17232,0
17233,1
17234,0
17235,0
17236,1
17237,1
17238,0
17239,0
17240,1
17241,1
17242,1
17243,0
17244,1
17245,0
17246,1
17247,1
17248,0
17249,1
17250,1
17251,0
17252,1
17253,1
17254,0
17255,1
17256,1
17257,1
17258,1
17259,0
17260,1
17261,1
17262,1
17263,1
17264,0
17265,1
17266,1
17267,0
17268,0
17269,1
17270,1
17271,0
17272,1
17273,0
17274,0
17275,0
17276,0
17277,0
17278,1
17279,1
17280,0
17281,1
17282,1
17283,1
17284,0
17285,1
17286,0
17287,1
17288,1
17289,1
17290,0
17291,0
17292,1
17293,1
17294,0
17295,1
17296,1
17297,1
17298,0
17299,1
17300,1
17301,1
17302,1
17303,1
17304,1
17305,0
17306,0
17307,1
17308,1
17309,1
17310,0
17311,0
17312,1
17313,1
17314,0
17315,1
17316,0
17317,0
17318,1
17319,0
17320,1
17321,1
17322,1
17323,1
17324,1
17325,1
17326,1
17327,1
17328,1
17329,1
17330,1
17331,0
17332,0
17333,0
17334,0
17335,0
17336,1
17337,0
17338,1
17339,0
17340,1
17341,0
17342,1
17343,1
17344,0
17345,0
17346,0
17347,1
17348,0
17349,1
17350,0
17351,0
17352,0
17353,0
17354,1
17355,0
17356,1
17357,1
17358,0
17359,1
17360,1
17361,0
17362,1
17363,0
17364,0
17365,0
17366,0
17367,0
17368,0
17369,1
17370,0
17371,0
17372,1
17373,0
17374,1
17375,0
17376,1
17377,1
17378,1
17379,0
17380,0
17381,0
17382,0
17383,0
17384,0
17385,0
17386,1
17387,0
17388,1
17389,0
17390,1
17391,1
17392,1
17393,0
17394,0
17395,1
17396,0
17397,0
17398,0
17399,1
17400,0
17401,0
17402,1
17403,1
17404,1
17405,1
17406,1
17407,1
17408,0
17409,0
17410,0
17411,1
17412,1
17413,0
17414,1
17415,0
17416,0
17417,0
17418,1
17419,1
17420,0
17421,1
17422,0
17423,1
17424,1
17425,0
17426,0
17427,1
17428,0
17429,1
17430,0
17431,1
17432,0
17433,0
17434,0
17435,0
17436,0
17437,1
17438,1
17439,0
17440,1
17441,0
17442,1
17443,1
17444,0
17445,0
17446,0
17447,1
17448,0
17449,1
17450,1
17451,0
17452,1
17453,1
17454,0
17455,0
17456,0
17457,0
17458,0
17459,1
17460,1
17461,0
17462,1
17463,0
17464,1
17465,1
17466,1
17467,0
17468,1
17469,1
17470,0
17471,0
17472,1
17473,0
17474,0
17475,1
17476,1
17477,1
17478,0
17479,1
17480,1
17481,1
17482,1
17483,1
17484,1
17485,1
17486,1
17487,0
17488,1
17489,1
17490,0
17491,1
17492,1
17493,1
17494,0
17495,1
17496,1
17497,0
17498,1
17499,1
17500,1
17501,1
17502,1
17503,1
17504,0
17505,1
17506,0
17507,1
17508,0
17509,0
17510,1
17511,0
17512,0
17513,0
17514,0
17515,1
17516,1
17517,0
17518,0
17519,1
17520,1
17521,0
17522,1
17523,0
17524,1
17525,0
17526,1
17527,1
17528,1
17529,1
17530,0
17531,1
17532,0
17533,1
17534,0
17535,0
17536,1
17537,0
17538,1
17539,1
17540,0
17541,0
17542,1
17543,1
17544,0
17545,0
17546,0
17547,0
17548,1
17549,0
17550,0
17551,1
17552,0
17553,0
17554,0
17555,1
17556,1
17557,0
17558,1
17559,0
17560,1
17561,0
17562,0
17563,1
17564,1
17565,1
17566,1
17567,1
17568,0
17569,1
17570,1
17571,1
17572,1
17573,1
17574,1
17575,1
17576,0
17577,1
17578,1
17579,1
17580,1
17581,1
17582,0
17583,1
17584,0
17585,1
17586,1
17587,0
17588,0
17589,0
17590,1
17591,0
17592,0
17593,1
17594,1
17595,1
17596,0
17597,0
17598,0
17599,0
17600,1
17601,1
17602,0
17603,1
17604,1
17605,0
17606,0
17607,0
17608,1
17609,0
17610,0
17611,1
17612,1
17613,0
17614,1
17615,1
17616,0
17617,1
17618,0
17619,0
17620,1
17621,1
17622,1
17623,0
17624,1
17625,1
17626,1
17627,1
17628,1
17629,0
17630,0
17631,0
17632,1
17633,0
17634,0
17635,0
17636,1
17637,0
17638,0
17639,1
17640,1
17641,1
17642,0
17643,1
17644,0
17645,0
17646,1
17647,0
17648,1
17649,0
17650,1
17651,1
17652,0
17653,0
17654,1
17655,1
17656,0
17657,1
17658,1
17659,1
17660,0
17661,0
17662,1
17663,1
17664,1
17665,1
17666,0
17667,0
17668,1
17669,1
17670,0
17671,1
17672,0
17673,1
17674,0
17675,0
17676,0
17677,1
17678,1
17679,1
17680,1
17681,1
17682,1
17683,0
17684,1
17685,1
17686,1
17687,0
17688,0
17689,1
17690,0
17691,0
17692,1
17693,0
17694,0
17695,0
17696,1
17697,1
17698,0
17699,1
17700,0
17701,1
17702,1
17703,1
17704,1
17705,0
17706,0
17707,0
17708,1
17709,0
17710,0
17711,1
17712,1
17713,1
17714,0
17715,0
17716,1
17717,0
17718,0
17719,1
17720,1
17721,1
17722,1
17723,0
17724,1
17725,1
17726,1
17727,0
17728,1
17729,0
17730,0
17731,0
17732,1
17733,1
17734,1
17735,0
17736,1
17737,0
17738,0
17739,0
17740,1
17741,0
17742,0
17743,0
17744,0
17745,0
17746,0
17747,0
17748,1
17749,0
17750,0
17751,1
17752,0
17753,0
17754,1
17755,1
17756,1
17757,1
17758,1
17759,1
17760,1
17761,1
17762,0
17763,0
17764,0
17765,0
17766,0
17767,1
17768,1
17769,1
17770,1
17771,0
17772,1
17773,0
17774,0
17775,0
17776,1
17777,1
17778,0
17779,1
17780,1
17781,0
17782,1
17783,0
17784,1
17785,0
17786,1
17787,0
17788,0
17789,1
17790,1
17791,0
17792,0
17793,1
17794,1
17795,0
17796,1
17797,0
17798,1
17799,0
17800,1
17801,1
17802,0
17803,0
17804,0
17805,1
17806,1
17807,0
17808,0
17809,1
17810,0
17811,0
17812,0
17813,1
17814,0
17815,0
17816,0
17817,0
17818,0
17819,0
17820,0
17821,1
17822,1
17823,0
17824,0
17825,1
17826,1
17827,0
17828,1
17829,1
17830,1
17831,0
17832,0
17833,1
17834,1
17835,0
17836,0
17837,1
17838,1
17839,1
17840,0
17841,0
17842,0
17843,1
17844,1
17845,1
17846,0
17847,0
17848,0
17849,0
17850,0
17851,0
17852,0
17853,1
17854,0
17855,1
17856,1
17857,1
17858,0
17859,1
17860,1
17861,0
17862,0
17863,0
17864,1
17865,0
17866,1
17867,1
17868,0
17869,0
17870,0
17871,1
17872,1
17873,1
17874,0
17875,0
17876,1
17877,0
17878,1
17879,0
17880,0
17881,1
17882,1
17883,1
17884,1
17885,1
17886,0
17887,1
17888,1
17889,1
17890,0
17891,1
17892,1
17893,1
17894,1
17895,1
17896,0
17897,1
17898,0
17899,1
17900,1
17901,1
17902,0
17903,0
17904,1
17905,0
17906,0
17907,1
17908,0
17909,1
17910,1
17911,0
17912,0
17913,1
17914,1
17915,0
17916,0
17917,0
17918,1
17919,1
17920,0
17921,1
17922,0
17923,1
17924,1
17925,0
17926,1
17927,1
17928,1
17929,0
17930,0
17931,0
17932,1
17933,1
17934,0
17935,1
17936,0
17937,0
17938,1
17939,0
17940,1
17941,1
17942,1
17943,0
17944,0
17945,0
17946,0
17947,1
17948,1
17949,0
17950,0
17951,0
17952,0
17953,0
17954,0
17955,1
17956,1
17957,0
17958,1
17959,0
17960,1
17961,0
17962,1
17963,0
17964,1
17965,0
17966,0
17967,0
17968,1
17969,0
17970,0
17971,0
17972,0
17973,1
17974,1
17975,0
17976,1
17977,0
17978,0
17979,1
17980,1
17981,0
17982,1
17983,0
17984,0
17985,0
17986,1
17987,1
17988,0
17989,0
17990,0
17991,1
17992,1
17993,1
17994,1
17995,0
17996,0
17997,0
17998,0
17999,1
18000,1
18001,0
18002,0
18003,0
18004,0
18005,0
18006,1
18007,0
18008,0
18009,1
18010,0
18011,0
18012,1
18013,0
18014,0
18015,1
18016,0
18017,0
18018,1
18019,1
18020,0
18021,1
18022,0
18023,1
18024,0
18025,1
18026,0
18027,1
18028,0
18029,1
18030,0
18031,0
18032,0
18033,1
18034,1
18035,1
18036,0
18037,0
18038,1
18039,0
18040,0
18041,0
18042,0
18043,1
18044,1
18045,0
18046,1
18047,1
18048,0
18049,0
18050,0
18051,1
18052,1
18053,0
18054,0
18055,1
18056,1
18057,1
18058,1
18059,0
18060,0
18061,0
18062,0
18063,0
18064,1
18065,1
18066,0
18067,1
18068,0
18069,0
18070,1
18071,0
18072,0
18073,1
18074,1
18075,0
18076,0
18077,0
18078,1
18079,1
18080,0
18081,1
18082,0
18083,1
18084,0
18085,1
18086,0
18087,0
18088,0
18089,0
18090,0
18091,0
18092,1
18093,0
18094,0
18095,1
18096,1
18097,0
18098,0
18099,0
18100,0
18101,1
18102,1
18103,0
18104,1
18105,0
18106,0
18107,0
18108,0
18109,0
18110,0
18111,1
18112,0
18113,0
18114,0
18115,0
18116,0
18117,1
18118,0
18119,1
18120,1
18121,1
18122,1
18123,1
18124,0
18125,0
18126,0
18127,1
18128,1
18129,0
18130,1
18131,1
18132,0
18133,0
18134,0
18135,0
18136,1
18137,1
18138,0
18139,1
18140,0
18141,0
18142,0
18143,1
18144,1
18145,1
18146,1
18147,0
18148,0
18149,1
18150,0
18151,1
18152,1
18153,0
18154,0
18155,1
18156,0
18157,0
18158,0
18159,0
18160,0
18161,1
18162,1
18163,0
18164,0
18165,1
18166,1
18167,0
18168,0
18169,1
18170,0
18171,1
18172,0
18173,1
18174,1
18175,1
18176,1
18177,1
18178,1
18179,0
18180,1
18181,1
18182,0
18183,0
18184,0
18185,0
18186,1
18187,0
18188,0
18189,0
18190,1
18191,1
18192,1
18193,0
18194,0
18195,1
18196,1
18197,0
18198,0
18199,1
18200,1
18201,1
18202,0
18203,0
18204,1
18205,1
18206,0
18207,1
18208,0
18209,0
18210,1
18211,0
18212,0
18213,0
18214,0
18215,0
18216,0
18217,0
18218,1
18219,0
18220,0
18221,1
18222,1
18223,1
18224,1
18225,1
18226,0
18227,1
18228,0
18229,1
18230,1
18231,1
18232,1
18233,0
18234,0
18235,0
18236,0
18237,0
18238,0
18239,0
18240,1
18241,1
18242,0
18243,1
18244,0
18245,1
18246,1
18247,1
18248,1
18249,1
18250,1
18251,0
18252,0
18253,0
18254,1
18255,1
18256,0
18257,1
18258,0
18259,1
18260,1
18261,0
18262,0
18263,1
18264,1
18265,0
18266,0
18267,0
18268,0
18269,0
18270,0
18271,0
18272,1
18273,0
18274,1
18275,1
18276,0
18277,0
18278,0
18279,1
18280,1
18281,0
18282,0
18283,1
18284,1
18285,0
18286,1
18287,1
18288,0
18289,0
18290,1
18291,1
18292,0
18293,1
18294,0
18295,1
18296,0
18297,0
18298,0
18299,0
18300,0
18301,0
18302,0
18303,1
18304,1
18305,1
18306,1
18307,1
18308,0
18309,0
18310,1
18311,0
18312,1
18313,1
18314,1
18315,1
18316,1
18317,0
18318,1
18319,1
18320,1
18321,1
18322,1
18323,0
18324,0
18325,0
18326,0
18327,0
18328,0
18329,1
18330,0
18331,1
18332,1
18333,1
18334,0
18335,0
18336,0
18337,1
18338,1
18339,0
18340,1
18341,0
18342,0
18343,0
18344,1
18345,1
18346,0
18347,1
18348,1
18349,0
18350,1
18351,0
18352,1
18353,0
18354,0
18355,1
18356,1
18357,0
18358,0
18359,1
18360,0
18361,1
18362,0
18363,1
18364,1
18365,0
18366,1
18367,1
18368,1
18369,0
18370,1
18371,1
18372,1
18373,1
18374,0
18375,1
18376,1
18377,0
18378,1
18379,1
18380,1
18381,0
18382,1
18383,1
18384,1
18385,1
18386,0
18387,1
18388,0
18389,1
18390,1
18391,1
18392,0
18393,1
18394,0
18395,0
18396,0
18397,1
18398,0
18399,0
18400,0
18401,0
18402,1
18403,0
18404,1
18405,1
18406,1
18407,0
18408,0
18409,1
18410,0
18411,1
18412,0
18413,1
18414,0
18415,1
18416,0
18417,0
18418,0
18419,1
18420,1
18421,0
18422,1
18423,0
18424,1
18425,1
18426,1
18427,0
18428,0
18429,0
18430,1
18431,0
18432,1
18433,0
18434,1
18435,0
18436,0
18437,1
18438,0
18439,1
18440,1
18441,1
18442,0
18443,1
18444,0
18445,1
18446,0
18447,1
18448,0
18449,0
18450,1
18451,1
18452,1
18453,0
18454,1
18455,0
18456,1
18457,0
18458,0
18459,0
18460,1
18461,0
18462,1
18463,1
18464,1
18465,0
18466,1
18467,0
18468,0
18469,1
18470,0
18471,0
18472,1
18473,1
18474,1
18475,1
18476,0
18477,1
18478,1
18479,1
18480,1
18481,1
18482,1
18483,1
18484,1
18485,0
18486,1
18487,0
18488,0
18489,1
18490,1
18491,0
18492,1
18493,0
18494,1
18495,1
18496,0
18497,0
18498,1
18499,0
18500,0
18501,0
18502,1
18503,1
18504,0
18505,1
18506,0
18507,1
18508,1
18509,0
18510,1
18511,1
18512,0
18513,0
18514,1
18515,0
18516,0
18517,1
18518,0
18519,1
18520,0
18521,0
18522,0
18523,1
18524,1
18525,1
18526,1
18527,1
18528,1
18529,0
18530,1
18531,0
18532,0
18533,0
18534,0
18535,1
18536,1
18537,0
18538,1
18539,0
18540,0
18541,0
18542,1
18543,0
18544,1
18545,0
18546,1
18547,0
18548,1
18549,1
18550,0
18551,1
18552,1
18553,0
18554,1
18555,0
18556,0
18557,0
18558,0
18559,0
18560,0
18561,0
18562,1
18563,0
18564,1
18565,0
18566,0
18567,1
18568,0
18569,0
18570,1
18571,1
18572,1
18573,1
18574,0
18575,0
18576,1
18577,0
18578,1
18579,1
18580,1
18581,0
18582,1
18583,1
18584,0
18585,0
18586,1
18587,1
18588,0
18589,1
18590,1
18591,0
18592,0
18593,0
18594,0
18595,1
18596,1
18597,1
18598,0
18599,0
18600,1
18601,1
18602,0
18603,1
18604,1
18605,0
18606,1
18607,0
18608,1
18609,1
18610,0
18611,1
18612,0
18613,1
18614,1
18615,1
18616,1
18617,1
18618,0
18619,1
18620,0
18621,1
18622,0
18623,0
18624,1
18625,1
18626,1
18627,1
18628,1
18629,1
18630,0
18631,0
18632,1
18633,1
18634,0
18635,1
18636,0
18637,0
18638,1
18639,1
18640,0
18641,0
18642,1
18643,1
18644,0
18645,1
18646,0
18647,1
18648,0
18649,1
18650,0
18651,1
18652,0
18653,0
18654,1
18655,0
18656,1
18657,1
18658,0
18659,1
18660,1
18661,0
18662,0
18663,0
18664,1
18665,0
18666,0
18667,1
18668,1
18669,1
18670,0
18671,1
18672,0
18673,0
18674,0
18675,1
18676,0
18677,1
18678,0
18679,0
18680,1
18681,0
18682,1
18683,0
18684,1
18685,0
18686,1
18687,1
18688,0
18689,0
18690,1
18691,0
18692,0
18693,0
18694,0
18695,0
18696,0
18697,0
18698,0
18699,0
18700,1
18701,0
18702,1
18703,1
18704,1
18705,1
18706,0
18707,1
18708,1
18709,1
18710,1
18711,1
18712,0
18713,1
18714,0
18715,1
18716,0
18717,1
18718,0
18719,1
18720,1
18721,0
18722,1
18723,0
18724,1
18725,1
18726,1
18727,0
18728,1
18729,1
18730,0
18731,0
18732,1
18733,0
18734,0
18735,0
18736,1
18737,0
18738,1
18739,0
18740,1
18741,1
18742,0
18743,1
18744,0
18745,0
18746,1
18747,1
18748,1
18749,0
18750,1
18751,0
18752,0
18753,1
18754,1
18755,1
18756,0
18757,0
18758,0
18759,0
18760,0
18761,1
18762,1
18763,1
18764,0
18765,1
18766,1
18767,0
18768,0
18769,1
18770,1
18771,1
18772,1
18773,1
18774,0
18775,0
18776,0
18777,1
18778,1
18779,0
18780,0
18781,1
18782,0
18783,1
18784,1
18785,0
18786,0
18787,0
18788,1
18789,1
18790,0
18791,1
18792,0
18793,1
18794,0
18795,1
18796,1
18797,1
18798,0
18799,1
18800,1
18801,1
18802,0
18803,1
18804,0
18805,1
18806,1
18807,1
18808,0
18809,0
18810,1
18811,1
18812,1
18813,1
18814,1
18815,1
18816,1
18817,0
18818,0
18819,1
18820,1
18821,0
18822,1
18823,1
18824,1
18825,1
18826,1
18827,0
18828,1
18829,1
18830,1
18831,0
18832,0
18833,1
18834,0
18835,1
18836,0
18837,1
18838,1
18839,0
18840,1
18841,1
18842,1
18843,1
18844,0
18845,1
18846,0
18847,1
18848,0
18849,1
18850,1
18851,0
18852,1
18853,0
18854,0
18855,1
18856,0
18857,0
18858,1
18859,0
18860,1
18861,1
18862,0
18863,0
18864,1
18865,0
18866,1
18867,1
18868,0
18869,1
18870,0
18871,1
18872,1
18873,0
18874,0
18875,1
18876,0
18877,0
18878,0
18879,0
18880,0
18881,0
18882,0
18883,1
18884,1
18885,0
18886,0
18887,0
18888,1
18889,1
18890,0
18891,0
18892,1
18893,1
18894,0
18895,1
18896,0
18897,1
18898,0
18899,1
18900,0
18901,0
18902,1
18903,1
18904,1
18905,0
18906,1
18907,0
18908,1
18909,1
18910,0
18911,0
18912,1
18913,1
18914,1
18915,1
18916,1
18917,0
18918,0
18919,1
18920,1
18921,1
18922,1
18923,0
18924,1
18925,0
18926,0
18927,0
18928,0
18929,1
18930,0
18931,0
18932,1
18933,0
18934,0
18935,1
18936,1
18937,1
18938,0
18939,0
18940,1
18941,1
18942,1
18943,0
18944,1
18945,0
18946,1
18947,1
18948,0
18949,0
18950,0
18951,0
18952,0
18953,0
18954,1
18955,0
18956,1
18957,1
18958,1
18959,1
18960,0
18961,1
18962,0
18963,0
18964,1
18965,0
18966,1
18967,1
18968,0
18969,0
18970,0
18971,1
18972,1
18973,1
18974,1
18975,1
18976,0
18977,1
18978,0
18979,1
18980,1
18981,1
18982,0
18983,1
18984,1
18985,0
18986,0
18987,1
18988,1
18989,0
18990,1
18991,1
18992,1
18993,1
18994,0
18995,0
18996,0
18997,1
18998,1
18999,1
19000,0
19001,1
19002,0
19003,1
19004,0
19005,1
19006,1
19007,1
19008,0
19009,0
19010,0
19011,1
19012,1
19013,0
19014,0
19015,1
19016,0
19017,1
19018,1
19019,1
19020,1
19021,0
19022,1
19023,0
19024,0
19025,1
19026,1
19027,1
19028,1
19029,0
19030,1
19031,0
19032,1
19033,0
19034,1
19035,1
19036,0
19037,1
19038,0
19039,0
19040,0
19041,0
19042,1
19043,0
19044,1
19045,1
19046,0
19047,1
19048,1
19049,1
19050,0
19051,0
19052,0
19053,0
19054,1
19055,0
19056,0
19057,0
19058,1
19059,0
19060,0
19061,1
19062,0
19063,0
19064,0
19065,1
19066,1
19067,1
19068,0
19069,0
19070,0
19071,1
19072,0
19073,1
19074,1
19075,1
19076,1
19077,0
19078,0
19079,0
19080,1
19081,1
19082,1
19083,0
19084,0
19085,1
19086,0
19087,1
19088,0
19089,0
19090,1
19091,0
19092,1
19093,1
19094,0
19095,1
19096,0
19097,0
19098,0
19099,0
19100,0
19101,0
19102,0
19103,1
19104,1
19105,0
19106,0
19107,1
19108,1
19109,1
19110,1
19111,0
19112,1
19113,1
19114,0
19115,1
19116,0
19117,0
19118,1
19119,0
19120,1
19121,0
19122,0
19123,0
19124,0
19125,0
19126,0
19127,0
19128,0
19129,0
19130,1
19131,1
19132,0
19133,1
19134,1
19135,0
19136,0
19137,0
19138,0
19139,1
19140,0
19141,1
19142,1
19143,0
19144,1
19145,0
19146,1
19147,0
19148,0
19149,0
19150,0
19151,1
19152,1
19153,0
19154,1
19155,0
19156,0
19157,0
19158,1
19159,1
19160,1
19161,0
19162,1
19163,0
19164,1
19165,1
19166,0
19167,1
19168,1
19169,1
19170,0
19171,1
19172,1
19173,1
19174,1
19175,1
19176,1
19177,1
19178,0
19179,0
19180,1
19181,1
19182,0
19183,0
19184,0
19185,0
19186,0
19187,0
19188,1
19189,0
19190,1
19191,1
19192,0
19193,0
19194,1
19195,1
19196,0
19197,0
19198,1
19199,1
19200,1
19201,0
19202,1
19203,0
19204,1
19205,0
19206,0
19207,1
19208,1
19209,0
19210,0
19211,0
19212,0
19213,1
19214,1
19215,1
19216,0
19217,0
19218,1
19219,0
19220,1
19221,1
19222,0
19223,1
19224,1
19225,0
19226,0
19227,1
19228,0
19229,0
19230,0
19231,0
19232,1
19233,0
19234,1
19235,1
19236,1
19237,0
19238,1
19239,1
19240,1
19241,0
19242,0
19243,1
19244,1
19245,1
19246,0
19247,1
19248,0
19249,1
19250,0
19251,1
19252,1
19253,1
19254,1
19255,0
19256,0
19257,0
19258,1
19259,0
19260,0
19261,1
19262,0
19263,1
19264,1
19265,0
19266,0
19267,1
19268,1
19269,0
19270,0
19271,1
19272,1
19273,1
19274,1
19275,0
19276,1
19277,1
19278,1
19279,1
19280,1
19281,1
19282,0
19283,1
19284,0
19285,1
19286,1
19287,0
19288,0
19289,1
19290,1
19291,0
19292,0
19293,1
19294,1
19295,1
19296,1
19297,0
19298,1
19299,1
19300,1
19301,0
19302,0
19303,1
19304,0
19305,1
19306,1
19307,0
19308,1
19309,1
19310,0
19311,1
19312,0
19313,1
19314,0
19315,1
19316,1
19317,1
19318,1
19319,0
19320,0
19321,1
19322,1
19323,0
19324,0
19325,1
19326,1
19327,0
19328,0
19329,1
19330,1
19331,0
19332,0
19333,1
19334,1
19335,1
19336,1
19337,1
19338,0
19339,1
19340,1
19341,1
19342,1
19343,0
19344,1
19345,1
19346,0
19347,0
19348,0
19349,1
19350,1
19351,0
19352,0
19353,0
19354,1
19355,1
19356,1
19357,0
19358,0
19359,1
19360,0
19361,1
19362,0
19363,1
19364,1
19365,0
19366,1
19367,0
19368,1
19369,1
19370,1
19371,0
19372,0
19373,0
19374,1
19375,1
19376,0
19377,0
19378,0
19379,0
19380,1
19381,0
19382,0
19383,1
19384,0
19385,1
19386,0
19387,0
19388,0
19389,1
19390,0
19391,1
19392,1
19393,1
19394,0
19395,0
19396,0
19397,0
19398,1
19399,0
19400,0
19401,0
19402,0
19403,0
19404,0
19405,1
19406,0
19407,1
19408,1
19409,0
19410,1
19411,0
19412,1
19413,0
19414,1
19415,1
19416,1
19417,0
19418,1
19419,0
19420,1
19421,0
19422,1
19423,1
19424,0
19425,1
19426,1
19427,1
19428,0
19429,0
19430,0
19431,1
19432,1
19433,1
19434,1
19435,0
19436,0
19437,1
19438,1
19439,1
19440,0
19441,0
19442,1
19443,0
19444,0
19445,1
19446,0
19447,0
19448,1
19449,1
19450,0
19451,1
19452,1
19453,0
19454,0
19455,0
19456,0
19457,0
19458,0
19459,0
19460,1
19461,0
19462,1
19463,0
19464,1
19465,0
19466,1
19467,0
19468,1
19469,0
19470,0
19471,0
19472,1
19473,0
19474,0
19475,0
19476,1
19477,1
19478,0
19479,0
19480,0
19481,1
19482,0
19483,1
19484,1
19485,1
19486,0
19487,0
19488,0
19489,1
19490,0
19491,0
19492,1
19493,1
19494,0
19495,0
19496,1
19497,0
19498,0
19499,0
19500,1
19501,0
19502,0
19503,0
19504,1
19505,1
19506,0
19507,0
19508,0
19509,0
19510,1
19511,1
19512,1
19513,0
19514,1
19515,1
19516,1
19517,1
19518,0
19519,0
19520,0
19521,1
19522,0
19523,0
19524,0
19525,0
19526,1
19527,1
19528,0
19529,1
19530,0
19531,1
19532,1
19533,0
19534,1
19535,0
19536,0
19537,0
19538,1
19539,1
19540,1
19541,1
19542,1
19543,1
19544,1
19545,0
19546,1
19547,1
19548,1
19549,1
19550,0
19551,0
19552,0
19553,1
19554,1
19555,1
19556,0
19557,1
19558,0
19559,1
19560,1
19561,1
19562,1
19563,1
19564,1
19565,0
19566,1
19567,1
19568,1
19569,1
19570,1
19571,1
19572,0
19573,1
19574,1
19575,1
19576,1
19577,0
19578,1
19579,0
19580,1
19581,0
19582,1
19583,1
19584,0
19585,1
19586,1
19587,0
19588,0
19589,0
19590,1
19591,0
19592,0
19593,1
19594,1
19595,0
19596,1
19597,1
19598,0
19599,0
19600,0
19601,0
19602,0
19603,1
19604,1
19605,0
19606,0
19607,0
19608,0
19609,1
19610,1
19611,0
19612,1
19613,0
19614,1
19615,1
19616,1
19617,1
19618,1
19619,1
19620,0
19621,0
19622,0
19623,1
19624,1
19625,1
19626,1
19627,1
19628,0
19629,0
19630,0
19631,1
19632,0
19633,0
19634,1
19635,1
19636,1
19637,0
19638,0
19639,1
19640,1
19641,1
19642,1
19643,1
19644,1
19645,1
19646,0
19647,1
19648,0
19649,0
19650,1
19651,1
19652,1
19653,1
19654,1
19655,0
19656,0
19657,1
19658,0
19659,1
19660,0
19661,0
19662,1
19663,0
19664,0
19665,1
19666,0
19667,1
19668,1
19669,1
19670,1
19671,0
19672,0
19673,0
19674,1
19675,0
19676,0
19677,0
19678,1
19679,0
19680,1
19681,1
19682,0
19683,0
19684,0
19685,1
19686,1
19687,0
19688,0
19689,0
19690,1
19691,1
19692,0
19693,0
19694,1
19695,1
19696,0
19697,1
19698,1
19699,0
19700,1
19701,1
19702,0
19703,0
19704,1
19705,0
19706,0
19707,1
19708,0
19709,0
19710,0
19711,1
19712,0
19713,0
19714,0
19715,1
19716,1
19717,0
19718,0
19719,1
19720,1
19721,1
19722,1
19723,1
19724,1
19725,1
19726,1
19727,1
19728,1
19729,0
19730,1
19731,1
19732,0
19733,1
19734,1
19735,0
19736,0
19737,0
19738,0
19739,0
19740,1
19741,0
19742,1
19743,0
19744,0
19745,0
19746,1
19747,1
19748,1
19749,0
19750,0
19751,1
19752,1
19753,1
19754,1
19755,0
19756,1
19757,0
19758,1
19759,0
19760,0
19761,1
19762,0
19763,1
19764,1
19765,0
19766,1
19767,0
19768,1
19769,1
19770,0
19771,1
19772,1
19773,1
19774,0
19775,0
19776,0
19777,1
19778,1
19779,1
19780,1
19781,0
19782,0
19783,0
19784,1
19785,0
19786,0
19787,0
19788,1
19789,1
19790,0
19791,1
19792,0
19793,1
19794,0
19795,0
19796,0
19797,1
19798,1
19799,1
19800,1
19801,1
19802,1
19803,0
19804,0
19805,0
19806,0
19807,0
19808,0
19809,0
19810,0
19811,1
19812,1
19813,1
19814,0
19815,1
19816,0
19817,0
19818,0
19819,1
19820,1
19821,1
19822,1
19823,0
19824,0
19825,1
19826,1
19827,1
19828,1
19829,1
19830,1
19831,1
19832,0
19833,1
19834,1
19835,1
19836,1
19837,1
19838,1
19839,0
19840,0
19841,0
19842,0
19843,1
19844,1
19845,0
19846,0
19847,1
19848,0
19849,1
19850,0
19851,1
19852,0
19853,1
19854,1
19855,1
19856,1
19857,0
19858,1
19859,0
19860,0
19861,0
19862,1
19863,0
19864,1
19865,0
19866,1
19867,1
19868,1
19869,0
19870,0
19871,0
19872,0
19873,1
19874,1
19875,1
19876,1
19877,0
19878,1
19879,0
19880,0
19881,1
19882,1
19883,1
19884,1
19885,0
19886,0
19887,0
19888,1
19889,0
19890,0
19891,0
19892,1
19893,1
19894,1
19895,0
19896,1
19897,0
19898,0
19899,1
19900,0
19901,0
19902,1
19903,1
19904,1
19905,1
19906,0
19907,0
19908,0
19909,1
19910,1
19911,1
19912,1
19913,1
19914,1
19915,1
19916,1
19917,1
19918,0
19919,0
19920,0
19921,0
19922,0
19923,1
19924,1
19925,0
19926,1
19927,0
19928,1
19929,1
19930,1
19931,0
19932,0
19933,1
19934,0
19935,1
19936,1
19937,1
19938,1
19939,1
19940,1
19941,1
19942,1
19943,1
19944,1
19945,0
19946,0
19947,0
19948,1
19949,1
19950,1
19951,1
19952,0
19953,1
19954,1
19955,0
19956,1
19957,1
19958,0
19959,1
19960,0
19961,0
19962,1
19963,1
19964,0
19965,0
19966,1
19967,0
19968,0
19969,1
19970,0
19971,1
19972,1
19973,0
19974,1
19975,1
19976,0
19977,0
19978,0
19979,0
19980,1
19981,1
19982,0
19983,0
19984,1
19985,1
19986,1
19987,0
19988,1
19989,0
19990,0
19991,0
19992,0
19993,0
19994,0
19995,1
19996,0
19997,1
19998,0
19999,0
20000,0
20001,1
20002,0
20003,1
20004,0
20005,0
20006,1
20007,1
20008,1
20009,0
20010,0
20011,0
20012,1
20013,1
20014,1
20015,1
20016,1
20017,0
20018,0
20019,1
20020,0
20021,0
20022,0
20023,0
20024,0
20025,0
20026,0
20027,0
20028,1
20029,0
20030,1
20031,1
20032,1
20033,0
20034,0
20035,0
20036,1
20037,1
20038,0
20039,1
20040,0
20041,0
20042,0
20043,0
20044,1
20045,0
20046,0
20047,1
20048,1
20049,0
20050,1
20051,0
20052,0
20053,1
20054,0
20055,0
20056,1
20057,1
20058,1
20059,0
20060,1
20061,0
20062,0
20063,0
20064,1
20065,1
20066,1
20067,0
20068,0
20069,0
20070,0
20071,1
20072,1
20073,0
20074,1
20075,1
20076,1
20077,0
20078,1
20079,1
20080,1
20081,1
20082,1
20083,0
20084,0
20085,0
20086,1
20087,0
20088,1
20089,1
20090,0
20091,1
20092,0
20093,1
20094,1
20095,1
20096,1
20097,0
20098,1
20099,1
20100,1
20101,0
20102,1
20103,1
20104,0
20105,1
20106,0
20107,0
20108,0
20109,1
20110,1
20111,1
20112,0
20113,0
20114,0
20115,0
20116,0
20117,1
20118,1
20119,0
20120,0
20121,0
20122,1
20123,0
20124,0
20125,0
20126,1
20127,0
20128,1
20129,0
20130,0
20131,1
20132,1
20133,1
20134,1
20135,0
20136,0
20137,0
20138,1
20139,1
20140,1
20141,0
20142,1
20143,0
20144,1
20145,0
20146,1
20147,1
20148,1
20149,1
20150,0
20151,0
20152,0
20153,0
20154,0
20155,0
20156,1
20157,1
20158,1
20159,1
20160,1
20161,1
20162,0
20163,0
20164,0
20165,0
20166,1
20167,1
20168,0
20169,0
20170,0
20171,1
20172,1
20173,1
20174,0
20175,1
20176,1
20177,1
20178,1
20179,1
20180,1
20181,1
20182,1
20183,1
20184,1
20185,1
20186,0
20187,0
20188,0
20189,1
20190,0
20191,1
20192,0
20193,0
20194,0
20195,0
20196,0
20197,1
20198,0
20199,1
20200,0
20201,0
20202,1
20203,0
20204,0
20205,0
20206,0
20207,1
20208,1
20209,1
20210,0
20211,1
20212,0
20213,1
20214,1
20215,0
20216,0
20217,1
20218,1
20219,1
20220,1
20221,0
20222,1
20223,0
20224,0
20225,1
20226,0
20227,0
20228,1
20229,0
20230,1
20231,1
20232,1
20233,1
20234,0
20235,0
20236,1
20237,1
20238,1
20239,0
20240,1
20241,1
20242,1
20243,1
20244,1
20245,1
20246,1
20247,0
20248,0
20249,1
20250,1
20251,1
20252,1
20253,1
20254,0
20255,0
20256,0
20257,0
20258,1
20259,1
20260,0
20261,0
20262,1
20263,0
20264,0
20265,1
20266,1
20267,0
20268,1
20269,1
20270,0
20271,0
20272,0
20273,0
20274,1
20275,1
20276,1
20277,1
20278,0
20279,0
20280,0
20281,0
20282,0
20283,1
20284,0
20285,0
20286,0
20287,0
20288,1
20289,0
20290,1
20291,1
20292,0
20293,0
20294,0
20295,0
20296,1
20297,0
20298,0
20299,0
20300,0
20301,1
20302,0
20303,1
20304,0
20305,1
20306,0
20307,1
20308,0
20309,1
20310,1
20311,1
20312,0
20313,1
20314,1
20315,0
20316,0
20317,0
20318,1
20319,1
20320,0
20321,0
20322,1
20323,0
20324,1
20325,0
20326,1
20327,0
20328,1
20329,1
20330,1
20331,0
20332,0
20333,0
20334,0
20335,0
20336,1
20337,0
20338,1
20339,1
20340,1
20341,1
20342,0
20343,0
20344,1
20345,0
20346,0
20347,0
20348,1
20349,1
20350,1
20351,1
20352,1
20353,1
20354,1
20355,1
20356,1
20357,1
20358,1
20359,1
20360,0
20361,0
20362,1
20363,0
20364,0
20365,1
20366,1
20367,0
20368,1
20369,0
20370,1
20371,0
20372,0
20373,1
20374,0
20375,1
20376,0
20377,0
20378,1
20379,1
20380,0
20381,0
20382,1
20383,0
20384,0
20385,0
20386,1
20387,0
20388,1
20389,0
20390,1
20391,1
20392,1
20393,1
20394,0
20395,1
20396,1
20397,1
20398,1
20399,0
20400,0
20401,1
20402,1
20403,1
20404,0
20405,1
20406,0
20407,1
20408,1
20409,0
20410,0
20411,1
20412,1
20413,1
20414,0
20415,0
20416,1
20417,0
20418,1
20419,0
20420,1
20421,1
20422,0
20423,1
20424,1
20425,1
20426,0
20427,1
20428,1
20429,1
20430,0
20431,1
20432,1
20433,1
20434,1
20435,1
20436,0
20437,0
20438,0
20439,0
20440,1
20441,1
20442,0
20443,0
20444,0
20445,1
20446,1
20447,1
20448,0
20449,1
20450,1
20451,1
20452,1
20453,0
20454,1
20455,0
20456,1
20457,1
20458,1
20459,0
20460,0
20461,1
20462,0
20463,0
20464,0
20465,0
20466,1
20467,0
20468,1
20469,1
20470,1
20471,0
20472,1
20473,1
20474,1
20475,1
20476,1
20477,0
20478,0
20479,0
20480,0
20481,1
20482,1
20483,0
20484,1
20485,0
20486,0
20487,1
20488,1
20489,1
20490,1
20491,0
20492,0
20493,1
20494,1
20495,1
20496,1
20497,1
20498,1
20499,1
20500,0
20501,1
20502,1
20503,0
20504,1
20505,1
20506,1
20507,0
20508,0
20509,0
20510,1
20511,1
20512,0
20513,0
20514,1
20515,0
20516,1
20517,1
20518,1
20519,1
20520,1
20521,1
20522,1
20523,0
20524,1
20525,1
20526,0
20527,0
20528,0
20529,1
20530,1
20531,1
20532,1
20533,0
20534,1
20535,1
20536,0
20537,0
20538,0
20539,0
20540,0
20541,1
20542,1
20543,1
20544,1
20545,1
20546,0
20547,0
20548,1
20549,0
20550,0
20551,0
20552,0
20553,1
20554,1
20555,0
20556,1
20557,1
20558,0
20559,1
20560,0
20561,0
20562,0
20563,0
20564,1
20565,1
20566,0
20567,0
20568,0
20569,1
20570,0
20571,1
20572,1
20573,1
20574,0
20575,0
20576,1
20577,1
20578,1
20579,1
20580,0
20581,1
20582,1
20583,0
20584,0
20585,1
20586,1
20587,1
20588,0
20589,0
20590,0
20591,1
20592,1
20593,1
20594,0
20595,0
20596,0
20597,1
20598,1
20599,1
20600,1
20601,1
20602,0
20603,0
20604,0
20605,1
20606,1
20607,0
20608,1
20609,1
20610,0
20611,0
20612,1
20613,1
20614,0
20615,0
20616,1
20617,1
20618,1
20619,0
20620,0
20621,1
20622,0
20623,0
20624,0
20625,1
20626,1
20627,1
20628,0
20629,0
20630,0
20631,1
20632,1
20633,1
20634,1
20635,1
20636,1
20637,1
20638,1
20639,1
20640,0
20641,0
20642,0
20643,1
20644,0
20645,1
20646,1
20647,0
20648,1
20649,0
20650,0
20651,0
20652,0
20653,0
20654,1
20655,1
20656,0
20657,0
20658,1
20659,0
20660,0
20661,1
20662,0
20663,1
20664,1
20665,0
20666,0
20667,1
20668,0
20669,0
20670,0
20671,1
20672,1
20673,1
20674,0
20675,1
20676,1
20677,1
20678,0
20679,0
20680,1
20681,1
20682,0
20683,0
20684,1
20685,1
20686,1
20687,0
20688,0
20689,1
20690,0
20691,1
20692,1
20693,0
20694,0
20695,0
20696,0
20697,1
20698,0
20699,1
20700,0
20701,1
20702,1
20703,0
20704,1
20705,1
20706,1
20707,1
20708,1
20709,0
20710,0
20711,0
20712,0
20713,1
20714,1
20715,0
20716,1
20717,1
20718,0
20719,1
20720,0
20721,1
20722,1
20723,1
20724,1
20725,1
20726,1
20727,0
20728,0
20729,1
20730,0
20731,1
20732,0
20733,1
20734,0
20735,0
20736,1
20737,0
20738,1
20739,1
20740,1
20741,1
20742,1
20743,0
20744,1
20745,1
20746,0
20747,1
20748,1
20749,0
20750,1
20751,0
20752,1
20753,0
20754,0
20755,0
20756,0
20757,1
20758,1
20759,0
20760,1
20761,0
20762,1
20763,1
20764,1
20765,0
20766,1
20767,1
20768,1
20769,0
20770,1
20771,0
20772,1
20773,1
20774,1
20775,1
20776,0
20777,1
20778,0
20779,0
20780,1
20781,1
20782,1
20783,1
20784,0
20785,0
20786,1
20787,1
20788,0
20789,0
20790,0
20791,0
20792,1
20793,1
20794,0
20795,0
20796,1
20797,1
20798,0
20799,0
20800,1
20801,0
20802,0
20803,1
20804,1
20805,1
20806,0
20807,0
20808,0
20809,0
20810,0
20811,1
20812,0
20813,0
20814,0
20815,0
20816,0
20817,0
20818,1
20819,0
20820,0
20821,1
20822,1
20823,0
20824,0
20825,0
20826,1
20827,0
20828,1
20829,0
20830,0
20831,1
20832,1
20833,1
20834,0
20835,0
20836,0
20837,1
20838,0
20839,0
20840,1
20841,1
20842,1
20843,0
20844,1
20845,0
20846,0
20847,1
20848,1
20849,0
20850,0
20851,1
20852,1
20853,0
20854,0
20855,0
20856,0
20857,1
20858,0
20859,1
20860,1
20861,1
20862,0
20863,1
20864,0
20865,1
20866,1
20867,0
20868,0
20869,1
20870,1
20871,1
20872,1
20873,1
20874,0
20875,0
20876,1
20877,0
20878,1
20879,0
20880,0
20881,1
20882,1
20883,1
20884,0
20885,0
20886,0
20887,1
20888,0
20889,1
20890,0
20891,0
20892,0
20893,1
20894,1
20895,1
20896,0
20897,0
20898,1
20899,0
20900,0
20901,0
20902,0
20903,1
20904,0
20905,0
20906,1
20907,1
20908,1
20909,1
20910,1
20911,1
20912,0
20913,0
20914,1
20915,0
20916,0
20917,1
20918,1
20919,1
20920,1
20921,0
20922,1
20923,1
20924,0
20925,0
20926,1
20927,0
20928,0
20929,0
20930,1
20931,0
20932,0
20933,1
20934,0
20935,1
20936,1
20937,0
20938,1
20939,0
20940,0
20941,0
20942,0
20943,1
20944,1
20945,0
20946,1
20947,1
20948,0
20949,0
20950,1
20951,0
20952,0
20953,1
20954,1
20955,1
20956,0
20957,1
20958,1
20959,1
20960,1
20961,0
20962,0
20963,0
20964,1
20965,1
20966,1
20967,0
20968,1
20969,1
20970,1
20971,0
20972,1
20973,1
20974,1
20975,1
20976,0
20977,0
20978,1
20979,1
20980,0
20981,1
20982,0
20983,1
20984,1
20985,0
20986,0
20987,1
20988,1
20989,1
20990,1
20991,1
20992,0
20993,1
20994,1
20995,0
20996,1
20997,0
20998,0
20999,0
21000,1
21001,0
21002,0
21003,0
21004,0
21005,1
21006,1
21007,1
21008,1
21009,0
21010,1
21011,0
21012,0
21013,1
21014,1
21015,1
21016,1
21017,1
21018,1
21019,0
21020,0
21021,0
21022,0
21023,1
21024,1
21025,1
21026,0
21027,1
21028,0
21029,0
21030,1
21031,1
21032,1
21033,0
21034,1
21035,1
21036,1
21037,0
21038,0
21039,1
21040,0
21041,0
21042,0
21043,1
21044,0
21045,1
21046,1
21047,0
21048,1
21049,0
21050,0
21051,1
21052,0
21053,0
21054,1
21055,1
21056,1
21057,0
21058,1
21059,0
21060,1
21061,1
21062,1
21063,0
21064,0
21065,0
21066,0
21067,0
21068,0
21069,0
21070,1
21071,0
21072,1
21073,1
21074,1
21075,1
21076,1
21077,0
21078,0
21079,1
21080,1
21081,1
21082,1
21083,0
21084,1
21085,1
21086,0
21087,1
21088,0
21089,0
21090,1
21091,1
21092,0
21093,0
21094,1
21095,1
21096,0
21097,1
21098,1
21099,1
21100,0
21101,0
21102,1
21103,1
21104,1
21105,1
21106,1
21107,1
21108,1
21109,0
21110,1
21111,1
21112,1
21113,1
21114,1
21115,1
21116,1
21117,1
21118,1
21119,0
21120,1
21121,0
21122,1
21123,1
21124,1
21125,0
21126,1
21127,1
21128,1
21129,0
21130,0
21131,1
21132,0
21133,1
21134,1
21135,1
21136,1
21137,0
21138,0
21139,1
21140,0
21141,0
21142,1
21143,0
21144,0
21145,0
21146,1
21147,1
21148,1
21149,1
21150,0
21151,1
21152,1
21153,0
21154,1
21155,1
21156,0
21157,1
21158,0
21159,1
21160,1
21161,1
21162,1
21163,1
21164,1
21165,1
21166,1
21167,1
21168,0
21169,1
21170,1
21171,1
21172,1
21173,1
21174,0
21175,1
21176,0
21177,0
21178,0
21179,1
21180,1
21181,0
21182,0
21183,0
21184,0
21185,1
21186,1
21187,0
21188,1
21189,1
21190,1
21191,0
21192,1
21193,1
21194,0
21195,0
21196,0
21197,1
21198,1
21199,1
21200,1
21201,1
21202,1
21203,1
21204,0
21205,1
21206,0
21207,1
21208,1
21209,1
21210,0
21211,0
21212,0
21213,1
21214,0
21215,0
21216,1
21217,0
21218,1
21219,0
21220,0
21221,1
21222,1
21223,0
21224,0
21225,0
21226,0
21227,0
21228,1
21229,1
21230,1
21231,1
21232,0
21233,1
21234,1
21235,1
21236,1
21237,1
21238,1
21239,1
21240,0
21241,1
21242,1
21243,0
21244,0
21245,0
21246,0
21247,0
21248,1
21249,0
21250,1
21251,1
21252,0
21253,1
21254,0
21255,0
21256,1
21257,1
21258,0
21259,1
21260,1
21261,1
21262,0
21263,1
21264,1
21265,1
21266,1
21267,1
21268,0
21269,0
21270,1
21271,0
21272,1
21273,0
21274,1
21275,0
21276,1
21277,1
21278,0
21279,1
21280,0
21281,0
21282,0
21283,0
21284,0
21285,1
21286,1
21287,1
21288,1
21289,1
21290,0
21291,1
21292,0
21293,1
21294,0
21295,0
21296,0
21297,1
21298,1
21299,1
21300,1
21301,1
21302,1
21303,0
21304,1
21305,0
21306,0
21307,1
21308,0
21309,1
21310,1
21311,1
21312,0
21313,1
21314,0
21315,0
21316,1
21317,1
21318,1
21319,1
21320,0
21321,1
21322,1
21323,1
21324,0
21325,0
21326,1
21327,1
21328,1
21329,0
21330,0
21331,1
21332,0
21333,1
21334,1
21335,1
21336,1
21337,0
21338,0
21339,0
21340,0
21341,1
21342,1
21343,0
21344,1
21345,0
21346,0
21347,0
21348,0
21349,1
21350,0
21351,1
21352,0
21353,0
21354,1
21355,0
21356,0
21357,0
21358,0
21359,0
21360,1
21361,1
21362,0
21363,1
21364,1
21365,0
21366,0
21367,0
21368,1
21369,1
21370,0
21371,0
21372,1
21373,1
21374,1
21375,0
21376,1
21377,1
21378,1
21379,1
21380,1
21381,0
21382,0
21383,0
21384,0
21385,0
21386,0
21387,0
21388,0
21389,0
21390,1
21391,1
21392,0
21393,0
21394,0
21395,0
21396,0
21397,1
21398,0
21399,1
21400,0
21401,1
21402,1
21403,1
21404,0
21405,0
21406,1
21407,0
21408,0
21409,0
21410,0
21411,0
21412,0
21413,0
21414,1
21415,0
21416,0
21417,0
21418,1
21419,0
21420,0
21421,1
21422,0
21423,1
21424,1
21425,0
21426,0
21427,1
21428,1
21429,1
21430,1
21431,1
21432,1
21433,1
21434,1
21435,0
21436,0
21437,0
21438,1
21439,1
21440,1
21441,0
21442,0
21443,1
21444,0
21445,1
21446,1
21447,1
21448,0
21449,1
21450,1
21451,1
21452,0
21453,1
21454,1
21455,1
21456,1
21457,0
21458,0
21459,1
21460,0
21461,1
21462,1
21463,1
21464,0
21465,0
21466,1
21467,1
21468,0
21469,0
21470,1
21471,1
21472,1
21473,0
21474,1
21475,0
21476,0
21477,1
21478,1
21479,1
21480,1
21481,0
21482,1
21483,0
21484,0
21485,0
21486,0
21487,1
21488,1
21489,1
21490,0
21491,1
21492,0
21493,1
21494,1
21495,1
21496,1
21497,0
21498,0
21499,1
21500,0
21501,0
21502,1
21503,1
21504,1
21505,0
21506,1
21507,1
21508,0
21509,1
21510,1
21511,0
21512,0
21513,1
21514,1
21515,0
21516,1
21517,1
21518,0
21519,1
21520,1
21521,1
21522,0
21523,1
21524,1
21525,1
21526,0
21527,0
21528,0
21529,1
21530,0
21531,1
21532,1
21533,0
21534,1
21535,1
21536,1
21537,1
21538,1
21539,0
21540,1
21541,0
21542,1
21543,1
21544,1
21545,0
21546,0
21547,0
21548,0
21549,1
21550,0
21551,1
21552,1
21553,1
21554,0
21555,1
21556,0
21557,0
21558,1
21559,1
21560,0
21561,1
21562,1
21563,1
21564,1
21565,0
21566,1
21567,1
21568,0
21569,0
21570,0
21571,1
21572,1
21573,0
21574,1
21575,1
21576,0
21577,0
21578,1
21579,1
21580,1
21581,1
21582,1
21583,0
21584,0
21585,1
21586,0
21587,0
21588,0
21589,1
21590,0
21591,0
21592,0
21593,1
21594,1
21595,1
21596,1
21597,1
21598,0
21599,1
21600,1
21601,1
21602,1
21603,1
21604,0
21605,0
21606,0
21607,0
21608,0
21609,0
21610,0
21611,1
21612,0
21613,0
21614,1
21615,1
21616,0
21617,0
21618,1
21619,0
21620,1
21621,0
21622,0
21623,1
21624,1
21625,0
21626,1
21627,0
21628,1
21629,1
21630,1
21631,0
21632,1
21633,1
21634,1
21635,1
21636,0
21637,0
21638,1
21639,0
21640,0
21641,0
21642,1
21643,0
21644,1
21645,0
21646,0
21647,0
21648,0
21649,1
21650,0
21651,1
21652,0
21653,0
21654,0
21655,1
21656,0
21657,0
21658,1
21659,1
21660,1
21661,0
21662,0
21663,1
21664,1
21665,1
21666,0
21667,0
21668,0
21669,0
21670,1
21671,1
21672,0
21673,1
21674,1
21675,0
21676,1
21677,0
21678,0
21679,1
21680,0
21681,1
21682,1
21683,1
21684,0
21685,1
21686,1
21687,1
21688,1
21689,0
21690,1
21691,0
21692,1
21693,1
21694,0
21695,0
21696,1
21697,0
21698,1
21699,0
21700,0
21701,1
21702,1
21703,1
21704,1
21705,0
21706,1
21707,0
21708,1
21709,1
21710,1
21711,1
21712,1
21713,1
21714,0
21715,0
21716,0
21717,1
21718,1
21719,1
21720,1
21721,0
21722,0
21723,0
21724,0
21725,0
21726,0
21727,1
21728,1
21729,1
21730,1
21731,1
21732,0
21733,1
21734,1
21735,1
21736,0
21737,0
21738,1
21739,1
21740,1
21741,1
21742,0
21743,0
21744,1
21745,1
21746,0
21747,1
21748,0
21749,0
21750,1
21751,0
21752,1
21753,0
21754,0
21755,0
21756,1
21757,0
21758,1
21759,0
21760,1
21761,1
21762,1
21763,0
21764,0
21765,0
21766,1
21767,0
21768,0
21769,1
21770,1
21771,1
21772,0
21773,0
21774,0
21775,1
21776,0
21777,1
21778,1
21779,1
21780,0
21781,0
21782,0
21783,1
21784,1
21785,0
21786,0
21787,0
21788,1
21789,1
21790,1
21791,0
21792,1
21793,0
21794,1
21795,1
21796,0
21797,0
21798,1
21799,1
21800,0
21801,1
21802,1
21803,0
21804,1
21805,1
21806,0
21807,0
21808,0
21809,1
21810,0
21811,1
21812,1
21813,1
21814,1
21815,1
21816,1
21817,0
21818,0
21819,1
21820,1
21821,1
21822,1
21823,1
21824,1
21825,0
21826,0
21827,0
21828,1
21829,0
21830,1
21831,0
21832,0
21833,1
21834,1
21835,1
21836,0
21837,1
21838,0
21839,0
21840,1
21841,1
21842,1
21843,1
21844,1
21845,1
21846,1
21847,0
21848,0
21849,1
21850,0
21851,1
21852,1
21853,0
21854,0
21855,1
21856,1
21857,1
21858,1
21859,1
21860,1
21861,0
21862,0
21863,0
21864,0
21865,1
21866,0
21867,0
21868,1
21869,0
21870,1
21871,1
21872,0
21873,0
21874,1
21875,1
21876,1
21877,0
21878,0
21879,1
21880,0
21881,0
21882,0
21883,1
21884,1
21885,0
21886,1
21887,0
21888,1
21889,1
21890,1
21891,0
21892,0
21893,1
21894,0
21895,0
21896,1
21897,1
21898,1
21899,1
21900,0
21901,1
21902,1
21903,0
21904,0
21905,1
21906,0
21907,1
21908,0
21909,1
21910,1
21911,1
21912,0
21913,0
21914,1
21915,1
21916,1
21917,1
21918,0
21919,1
21920,0
21921,1
21922,1
21923,0
21924,0
21925,0
21926,0
21927,1
21928,0
21929,1
21930,1
21931,1
21932,0
21933,0
21934,1
21935,1
21936,0
21937,0
21938,1
21939,0
21940,0
21941,0
21942,0
21943,0
21944,1
21945,0
21946,0
21947,0
21948,0
21949,1
21950,1
21951,0
21952,1
21953,1
21954,0
21955,1
21956,1
21957,1
21958,1
21959,1
21960,1
21961,1
21962,0
21963,1
21964,0
21965,0
21966,0
21967,0
21968,1
21969,1
21970,1
21971,1
21972,1
21973,1
21974,0
21975,0
21976,0
21977,0
21978,1
21979,0
21980,0
21981,0
21982,0
21983,0
21984,1
21985,0
21986,1
21987,1
21988,1
21989,1
21990,1
21991,1
21992,1
21993,0
21994,0
21995,1
21996,1
21997,0
21998,1
21999,1
22000,1
22001,0
22002,0
22003,0
22004,0
22005,1
22006,1
22007,1
22008,0
22009,1
22010,0
22011,1
22012,0
22013,0
22014,1
22015,1
22016,0
22017,1
22018,1
22019,0
22020,0
22021,0
22022,1
22023,1
22024,0
22025,1
22026,1
22027,0
22028,0
22029,0
22030,1
22031,1
22032,0
22033,0
22034,1
22035,0
22036,0
22037,0
22038,0
22039,0
22040,1
22041,1
22042,0
22043,0
22044,0
22045,1
22046,1
22047,1
22048,1
22049,0
22050,1
22051,0
22052,1
22053,0
22054,0
22055,1
22056,1
22057,0
22058,1
22059,1
22060,1
22061,0
22062,0
22063,1
22064,0
22065,0
22066,0
22067,0
22068,0
22069,1
22070,0
22071,1
22072,1
22073,0
22074,1
22075,1
22076,1
22077,1
22078,0
22079,0
22080,0
22081,0
22082,0
22083,1
22084,1
22085,0
22086,1
22087,0
22088,1
22089,1
22090,0
22091,1
22092,0
22093,1
22094,0
22095,1
22096,1
22097,0
22098,1
22099,1
22100,1
22101,1
22102,1
22103,1
22104,0
22105,1
22106,0
22107,1
22108,1
22109,0
22110,1
22111,1
22112,1
22113,1
22114,1
22115,1
22116,1
22117,1
22118,1
22119,0
22120,1
22121,1
22122,0
22123,0
22124,1
22125,0
22126,1
22127,1
22128,0
22129,1
22130,1
22131,0
22132,0
22133,1
22134,1
22135,1
22136,1
22137,1
22138,1
22139,1
22140,1
22141,1
22142,1
22143,1
22144,1
22145,0
22146,1
22147,1
22148,1
22149,1
22150,0
22151,0
22152,1
22153,1
22154,0
22155,0
22156,1
22157,1
22158,0
22159,1
22160,1
22161,1
22162,1
22163,0
22164,0
22165,0
22166,1
22167,0
22168,0
22169,1
22170,0
22171,1
22172,0
22173,0
22174,0
22175,0
22176,0
22177,0
22178,1
22179,1
22180,1
22181,0
22182,1
22183,0
22184,1
22185,0
22186,1
22187,1
22188,1
22189,1
22190,1
22191,0
22192,1
22193,1
22194,1
22195,0
22196,1
22197,0
22198,1
22199,1
22200,1
22201,0
22202,0
22203,0
22204,0
22205,1
22206,1
22207,0
22208,0
22209,1
22210,0
22211,0
22212,0
22213,1
22214,1
22215,0
22216,1
22217,1
22218,0
22219,1
22220,0
22221,1
22222,1
22223,0
22224,0
22225,0
22226,0
22227,1
22228,0
22229,1
22230,1
22231,1
22232,1
22233,0
22234,1
22235,1
22236,1
22237,1
22238,1
22239,0
22240,1
22241,1
22242,1
22243,0
22244,1
22245,1
22246,1
22247,0
22248,1
22249,1
22250,1
22251,0
22252,0
22253,0
22254,0
22255,1
22256,0
22257,1
22258,1
22259,0
22260,0
22261,1
22262,1
22263,1
22264,0
22265,1
22266,0
22267,0
22268,1
22269,1
22270,0
22271,0
22272,1
22273,1
22274,0
22275,0
22276,0
22277,0
22278,1
22279,1
22280,1
22281,0
22282,1
22283,0
22284,1
22285,1
22286,1
22287,1
22288,1
22289,1
22290,1
22291,0
22292,0
22293,1
22294,0
22295,1
22296,0
22297,1
22298,0
22299,1
22300,1
22301,1
22302,1
22303,1
22304,0
22305,1
22306,1
22307,0
22308,0
22309,0
22310,0
22311,0
22312,1
22313,1
22314,0
22315,1
22316,1
22317,1
22318,1
22319,0
22320,0
22321,0
22322,0
22323,1
22324,1
22325,1
22326,0
22327,1
22328,0
22329,0
22330,1
22331,1
22332,1
22333,0
22334,0
22335,1
22336,1
22337,0
22338,1
22339,1
22340,0
22341,1
22342,1
22343,0
22344,0
22345,0
22346,0
22347,1
22348,0
22349,1
22350,0
22351,1
22352,1
22353,0
22354,0
22355,0
22356,1
22357,0
22358,1
22359,1
22360,0
22361,1
22362,0
22363,1
22364,1
22365,1
22366,0
22367,0
22368,0
22369,1
22370,0
22371,0
22372,1
22373,0
22374,1
22375,1
22376,0
22377,1
22378,0
22379,1
22380,0
22381,1
22382,0
22383,1
22384,1
22385,0
22386,1
22387,1
22388,1
22389,0
22390,0
22391,1
22392,1
22393,0
22394,0
22395,1
22396,1
22397,0
22398,1
22399,1
22400,1
22401,1
22402,1
22403,0
22404,0
22405,1
22406,0
22407,1
22408,0
22409,0
22410,1
22411,1
22412,0
22413,1
22414,0
22415,1
22416,0
22417,1
22418,1
22419,1
22420,1
22421,0
22422,0
22423,1
22424,1
22425,0
22426,0
22427,0
22428,1
22429,1
22430,1
22431,0
22432,0
22433,1
22434,0
22435,1
22436,0
22437,1
22438,1
22439,1
22440,0
22441,0
22442,1
22443,1
22444,1
22445,0
22446,1
22447,0
22448,0
22449,0
22450,1
22451,1
22452,1
22453,1
22454,1
22455,0
22456,0
22457,0
22458,0
22459,1
22460,1
22461,0
22462,1
22463,1
22464,0
22465,0
22466,1
22467,0
22468,1
22469,0
22470,1
22471,1
22472,1
22473,1
22474,0
22475,0
22476,1
22477,1
22478,0
22479,0
22480,0
22481,1
22482,1
22483,0
22484,1
22485,1
22486,0
22487,0
22488,0
22489,1
22490,1
22491,0
22492,0
22493,1
22494,1
22495,1
22496,1
22497,1
22498,0
22499,1
22500,0
22501,0
22502,0
22503,1
22504,1
22505,1
22506,1
22507,1
22508,1
22509,0
22510,1
22511,1
22512,0
22513,0
22514,0
22515,0
22516,1
22517,1
22518,1
22519,1
22520,0
22521,1
22522,1
22523,0
22524,1
22525,0
22526,0
22527,1
22528,1
22529,1
22530,0
22531,1
22532,0
22533,0
22534,1
22535,1
22536,1
22537,0
22538,1
22539,0
22540,0
22541,0
22542,0
22543,1
22544,1
22545,0
22546,1
22547,1
22548,1
22549,1
22550,0
22551,1
22552,1
22553,0
22554,1
22555,1
22556,1
22557,1
22558,0
22559,1
22560,0
22561,0
22562,0
22563,0
22564,0
22565,0
22566,0
22567,0
22568,0
22569,1
22570,1
22571,0
22572,1
22573,0
22574,1
22575,1
22576,1
22577,1
22578,1
22579,0
22580,1
22581,0
22582,1
22583,1
22584,0
22585,1
22586,1
22587,0
22588,0
22589,1
22590,1
22591,0
22592,0
22593,1
22594,1
22595,1
22596,0
22597,0
22598,0
22599,0
22600,1
22601,0
22602,0
22603,0
22604,0
22605,0
22606,0
22607,0
22608,1
22609,1
22610,0
22611,0
22612,1
22613,1
22614,1
22615,0
22616,1
22617,1
22618,1
22619,0
22620,0
22621,0
22622,1
22623,0
22624,1
22625,0
22626,0
22627,1
22628,1
22629,0
22630,1
22631,1
22632,1
22633,1
22634,1
22635,1
22636,1
22637,1
22638,1
22639,0
22640,1
22641,0
22642,1
22643,0
22644,0
22645,1
22646,0
22647,0
22648,1
22649,0
22650,0
22651,1
22652,1
22653,1
22654,0
22655,1
22656,0
22657,1
22658,1
22659,1
22660,1
22661,1
22662,0
22663,0
22664,0
22665,1
22666,1
22667,1
22668,1
22669,0
22670,0
22671,0
22672,0
22673,0
22674,1
22675,1
22676,0
22677,0
22678,0
22679,1
22680,1
22681,1
22682,1
22683,0
22684,0
22685,0
22686,1
22687,1
22688,1
22689,1
22690,1
22691,0
22692,0
22693,1
22694,1
22695,0
22696,1
22697,0
22698,0
22699,0
22700,1
22701,0
22702,1
22703,0
22704,0
22705,0
22706,0
22707,1
22708,1
22709,0
22710,1
22711,0
22712,0
22713,0
22714,0
22715,1
22716,1
22717,0
22718,1
22719,1
22720,1
22721,1
22722,0
22723,1
22724,1
22725,0
22726,1
22727,1
22728,1
22729,1
22730,1
22731,0
22732,1
22733,0
22734,0
22735,1
22736,1
22737,0
22738,1
22739,0
22740,1
22741,1
22742,1
22743,1
22744,0
22745,1
22746,0
22747,0
22748,1
22749,1
22750,1
22751,0
22752,0
22753,0
22754,0
22755,0
22756,0
22757,1
22758,1
22759,1
22760,0
22761,0
22762,1
22763,1
22764,1
22765,0
22766,1
22767,0
22768,1
22769,1
22770,0
22771,1
22772,0
22773,0
22774,0
22775,0
22776,0
22777,0
22778,1
22779,1
22780,1
22781,0
22782,0
22783,0
22784,1
22785,0
22786,1
22787,1
22788,0
22789,0
22790,0
22791,0
22792,0
22793,1
22794,0
22795,0
22796,0
22797,0
22798,1
22799,1
22800,0
22801,1
22802,0
22803,1
22804,1
22805,0
22806,1
22807,1
22808,1
22809,0
22810,1
22811,1
22812,0
22813,1
22814,0
22815,1
22816,1
22817,0
22818,1
22819,1
22820,0
22821,0
22822,0
22823,0
22824,1
22825,1
22826,1
22827,0
22828,0
22829,1
22830,1
22831,1
22832,0
22833,0
22834,0
22835,1
22836,1
22837,1
22838,1
22839,0
22840,0
22841,1
22842,0
22843,1
22844,1
22845,1
22846,0
22847,1
22848,0
22849,0
22850,0
22851,1
22852,1
22853,0
22854,1
22855,1
22856,1
22857,0
22858,0
22859,1
22860,0
22861,0
22862,0
22863,1
22864,0
22865,0
22866,1
22867,0
22868,0
22869,0
22870,0
22871,0
22872,1
22873,0
22874,0
22875,1
22876,0
22877,0
22878,1
22879,0
22880,1
22881,0
22882,0
22883,0
22884,0
22885,0
22886,0
22887,1
22888,0
22889,0
22890,1
22891,1
22892,0
22893,0
22894,0
22895,1
22896,0
22897,1
22898,1
22899,1
22900,0
22901,0
22902,1
22903,1
22904,1
22905,1
22906,0
22907,0
22908,1
22909,1
22910,0
22911,0
22912,1
22913,0
22914,1
22915,1
22916,0
22917,0
22918,0
22919,0
22920,1
22921,0
22922,1
22923,0
22924,1
22925,1
22926,1
22927,0
22928,0
22929,1
22930,0
22931,0
22932,1
22933,0
22934,1
22935,0
22936,1
22937,1
22938,0
22939,0
22940,1
22941,0
22942,0
22943,1
22944,0
22945,1
22946,0
22947,0
22948,1
22949,0
22950,0
22951,1
22952,0
22953,1
22954,1
22955,0
22956,1
22957,1
22958,1
22959,1
22960,1
22961,1
22962,0
22963,1
22964,1
22965,1
22966,0
22967,1
22968,0
22969,0
22970,1
22971,1
22972,0
22973,0
22974,1
22975,0
22976,0
22977,1
22978,1
22979,0
22980,0
22981,0
22982,0
22983,0
22984,1
22985,1
22986,0
22987,1
22988,1
22989,1
22990,0
22991,1
22992,1
22993,1
22994,1
22995,1
22996,1
22997,0
22998,1
22999,1
23000,1
23001,1
23002,0
23003,1
23004,0
23005,0
23006,1
23007,0
23008,0
23009,0
23010,1
23011,1
23012,0
23013,0
23014,1
23015,0
23016,0
23017,1
23018,0
23019,0
23020,1
23021,0
23022,0
23023,1
23024,0
23025,0
23026,0
23027,0
23028,0
23029,1
23030,1
23031,0
23032,0
23033,1
23034,1
23035,0
23036,1
23037,0
23038,1
23039,0
23040,1
23041,1
23042,0
23043,1
23044,1
23045,1
23046,0
23047,1
23048,1
23049,0
23050,1
23051,1
23052,1
23053,1
23054,0
23055,0
23056,0
23057,0
23058,0
23059,1
23060,1
23061,0
23062,0
23063,0
23064,1
23065,1
23066,1
23067,0
23068,0
23069,1
23070,0
23071,1
23072,1
23073,0
23074,0
23075,0
23076,0
23077,0
23078,1
23079,0
23080,1
23081,1
23082,1
23083,0
23084,0
23085,0
23086,1
23087,0
23088,0
23089,0
23090,1
23091,1
23092,0
23093,0
23094,0
23095,1
23096,0
23097,0
23098,1
23099,1
23100,1
23101,0
23102,0
23103,0
23104,1
23105,1
23106,1
23107,1
23108,0
23109,1
23110,1
23111,1
23112,0
23113,0
23114,0
23115,1
23116,0
23117,0
23118,0
23119,1
23120,0
23121,0
23122,1
23123,1
23124,1
23125,1
23126,0
23127,1
23128,0
23129,0
23130,1
23131,0
23132,0
23133,1
23134,0
23135,0
23136,0
23137,1
23138,1
23139,1
23140,1
23141,1
23142,1
23143,1
23144,1
23145,0
23146,0
23147,0
23148,0
23149,0
23150,1
23151,0
23152,1
23153,0
23154,1
23155,1
23156,1
23157,1
23158,1
23159,0
23160,1
23161,1
23162,0
23163,0
23164,0
23165,1
23166,0
23167,1
23168,0
23169,0
23170,1
23171,1
23172,1
23173,0
23174,1
23175,1
23176,1
23177,0
23178,0
23179,0
23180,1
23181,1
23182,0
23183,1
23184,0
23185,0
23186,1
23187,0
23188,1
23189,0
23190,1
23191,1
23192,1
23193,0
23194,1
23195,1
23196,0
23197,1
23198,1
23199,0
23200,1
23201,1
23202,0
23203,0
23204,1
23205,0
23206,0
23207,1
23208,1
23209,0
23210,1
23211,1
23212,1
23213,1
23214,1
23215,0
23216,0
23217,1
23218,0
23219,0
23220,0
23221,0
23222,1
23223,1
23224,1
23225,0
23226,0
23227,1
23228,1
23229,0
23230,1
23231,0
23232,0
23233,1
23234,0
23235,1
23236,1
23237,1
23238,1
23239,0
23240,1
23241,1
23242,0
23243,0
23244,1
23245,0
23246,0
23247,1
23248,1
23249,1
23250,0
23251,0
23252,1
23253,0
23254,0
23255,1
23256,0
23257,0
23258,0
23259,1
23260,0
23261,0
23262,0
23263,0
23264,1
23265,0
23266,1
23267,0
23268,1
23269,0
23270,0
23271,1
23272,0
23273,1
23274,0
23275,1
23276,1
23277,0
23278,1
23279,1
23280,0
23281,0
23282,0
23283,1
23284,1
23285,1
23286,1
23287,1
23288,0
23289,1
23290,1
23291,0
23292,1
23293,1
23294,1
23295,0
23296,1
23297,1
23298,0
23299,0
23300,1
23301,0
23302,1
23303,0
23304,0
23305,0
23306,1
23307,0
23308,0
23309,0
23310,1
23311,1
23312,0
23313,0
23314,0
23315,0
23316,1
23317,0
23318,0
23319,0
23320,1
23321,1
23322,0
23323,0
23324,0
23325,1
23326,0
23327,0
23328,1
23329,1
23330,0
23331,1
23332,0
23333,1
23334,0
23335,1
23336,1
23337,0
23338,1
23339,1
23340,1
23341,0
23342,1
23343,1
23344,0
23345,0
23346,1
23347,0
23348,0
23349,0
23350,0
23351,1
23352,0
23353,1
23354,1
23355,1
23356,1
23357,1
23358,0
23359,1
23360,0
23361,0
23362,0
23363,1
23364,1
23365,1
23366,0
23367,0
23368,1
23369,1
23370,1
23371,0
23372,1
23373,1
23374,0
23375,1
23376,1
23377,1
23378,1
23379,0
23380,1
23381,0
23382,1
23383,1
23384,1
23385,0
23386,0
23387,0
23388,0
23389,0
23390,0
23391,0
23392,0
23393,0
23394,0
23395,1
23396,1
23397,1
23398,1
23399,1
23400,1
23401,1
23402,0
23403,0
23404,1
23405,0
23406,0
23407,1
23408,0
23409,1
23410,0
23411,1
23412,1
23413,0
23414,0
23415,0
23416,0
23417,0
23418,0
23419,0
23420,1
23421,1
23422,1
23423,0
23424,1
23425,1
23426,1
23427,1
23428,0
23429,0
23430,0
23431,1
23432,1
23433,1
23434,1
23435,1
23436,0
23437,1
23438,1
23439,0
23440,0
23441,0
23442,1
23443,1
23444,0
23445,1
23446,1
23447,0
23448,0
23449,0
23450,0
23451,0
23452,1
23453,1
23454,1
23455,1
23456,1
23457,1
23458,0
23459,0
23460,0
23461,0
23462,1
23463,1
23464,0
23465,1
23466,0
23467,1
23468,1
23469,0
23470,1
23471,0
23472,1
23473,0
23474,1
23475,0
23476,0
23477,0
23478,1
23479,1
23480,0
23481,0
23482,1
23483,0
23484,1
23485,1
23486,1
23487,1
23488,1
23489,1
23490,1
23491,1
23492,1
23493,1
23494,1
23495,1
23496,1
23497,0
23498,1
23499,1
23500,0
23501,1
23502,1
23503,0
23504,1
23505,1
23506,0
23507,1
23508,1
23509,0
23510,1
23511,0
23512,1
23513,1
23514,1
23515,0
23516,0
23517,1
23518,1
23519,0
23520,0
23521,1
23522,0
23523,0
23524,0
23525,0
23526,0
23527,0
23528,1
23529,1
23530,0
23531,1
23532,1
23533,1
23534,0
23535,1
23536,0
23537,1
23538,1
23539,0
23540,0
23541,0
23542,0
23543,1
23544,1
23545,1
23546,0
23547,0
23548,0
23549,0
23550,1
23551,0
23552,1
23553,0
23554,1
23555,1
23556,0
23557,0
23558,0
23559,0
23560,0
23561,0
23562,1
23563,1
23564,1
23565,0
23566,1
23567,0
23568,1
23569,0
23570,1
23571,1
23572,0
23573,0
23574,1
23575,0
23576,1
23577,1
23578,1
23579,1
23580,0
23581,1
23582,1
23583,0
23584,0
23585,1
23586,0
23587,0
23588,1
23589,0
23590,0
23591,1
23592,0
23593,1
23594,0
23595,1
23596,1
23597,0
23598,1
23599,0
23600,0
23601,1
23602,1
23603,0
23604,0
23605,0
23606,1
23607,0
23608,1
23609,1
23610,1
23611,0
23612,1
23613,0
23614,1
23615,1
23616,1
23617,1
23618,1
23619,1
23620,1
23621,1
23622,0
23623,1
23624,0
23625,0
23626,1
23627,0
23628,0
23629,1
23630,0
23631,0
23632,0
23633,1
23634,1
23635,0
23636,0
23637,1
23638,1
23639,1
23640,0
23641,1
23642,1
23643,1
23644,1
23645,0
23646,0
23647,0
23648,1
23649,1
23650,1
23651,0
23652,1
23653,1
23654,0
23655,1
23656,0
23657,1
23658,1
23659,0
23660,1
23661,1
23662,1
23663,1
23664,0
23665,0
23666,0
23667,1
23668,0
23669,1
23670,1
23671,1
23672,1
23673,0
23674,0
23675,0
23676,0
23677,1
23678,0
23679,1
23680,1
23681,0
23682,1
23683,0
23684,1
23685,1
23686,1
23687,1
23688,1
23689,0
23690,1
23691,1
23692,1
23693,0
23694,0
23695,0
23696,0
23697,1
23698,1
23699,0
23700,0
23701,0
23702,0
23703,0
23704,1
23705,0
23706,0
23707,1
23708,0
23709,1
23710,0
23711,0
23712,1
23713,0
23714,1
23715,1
23716,0
23717,0
23718,0
23719,1
23720,1
23721,0
23722,1
23723,1
23724,1
23725,1
23726,0
23727,1
23728,0
23729,0
23730,1
23731,0
23732,0
23733,1
23734,1
23735,1
23736,1
23737,0
23738,1
23739,0
23740,1
23741,1
23742,0
23743,1
23744,1
23745,1
23746,0
23747,0
23748,0
23749,1
23750,0
23751,1
23752,1
23753,0
23754,1
23755,1
23756,1
23757,1
23758,0
23759,0
23760,0
23761,1
23762,1
23763,1
23764,1
23765,0
23766,1
23767,0
23768,1
23769,1
23770,0
23771,1
23772,0
23773,0
23774,0
23775,0
23776,0
23777,0
23778,0
23779,1
23780,1
23781,0
23782,1
23783,1
23784,1
23785,0
23786,1
23787,0
23788,0
23789,1
23790,0
23791,1
23792,1
23793,0
23794,0
23795,1
23796,1
23797,0
23798,0
23799,0
23800,1
23801,1
23802,0
23803,0
23804,1
23805,1
23806,1
23807,1
23808,1
23809,0
23810,0
23811,1
23812,0
23813,1
23814,0
23815,1
23816,0
23817,1
23818,0
23819,0
23820,0
23821,0
23822,0
23823,0
23824,1
23825,1
23826,0
23827,0
23828,0
23829,1
23830,0
23831,1
23832,0
23833,0
23834,0
23835,0
23836,0
23837,1
23838,0
23839,1
23840,1
23841,0
23842,1
23843,0
23844,1
23845,0
23846,0
23847,1
23848,0
23849,0
23850,0
23851,1
23852,0
23853,0
23854,0
23855,0
23856,1
23857,0
23858,1
23859,1
23860,1
23861,1
23862,1
23863,0
23864,1
23865,1
23866,1
23867,0
23868,0
23869,0
23870,1
23871,1
23872,1
23873,0
23874,0
23875,0
23876,1
23877,0
23878,0
23879,0
23880,0
23881,0
23882,1
23883,1
23884,1
23885,1
23886,0
23887,1
23888,1
23889,1
23890,1
23891,1
23892,1
23893,0
23894,1
23895,0
23896,1
23897,0
23898,0
23899,0
23900,1
23901,1
23902,1
23903,1
23904,1
23905,0
23906,1
23907,0
23908,0
23909,1
23910,0
23911,1
23912,0
23913,1
23914,1
23915,1
23916,1
23917,0
23918,0
23919,1
23920,1
23921,0
23922,1
23923,1
23924,1
23925,0
23926,0
23927,1
23928,0
23929,0
23930,1
23931,0
23932,0
23933,1
23934,1
23935,1
23936,1
23937,0
23938,1
23939,1
23940,1
23941,1
23942,1
23943,1
23944,1
23945,1
23946,0
23947,1
23948,0
23949,1
23950,0
23951,1
23952,1
23953,0
23954,0
23955,0
23956,1
23957,0
23958,1
23959,1
23960,0
23961,1
23962,0
23963,1
23964,0
23965,1
23966,0
23967,0
23968,1
23969,0
23970,0
23971,1
23972,1
23973,0
23974,0
23975,0
23976,1
23977,1
23978,0
23979,0
23980,0
23981,1
23982,0
23983,0
23984,1
23985,1
23986,1
23987,1
23988,1
23989,0
23990,1
23991,0
23992,1
23993,1
23994,1
23995,0
23996,0
23997,0
23998,1
23999,1
24000,0
24001,1
24002,0
24003,1
24004,1
24005,0
24006,0
24007,0
24008,0
24009,1
24010,1
24011,1
24012,1
24013,0
24014,1
24015,0
24016,1
24017,1
24018,1
24019,1
24020,1
24021,1
24022,1
24023,0
24024,0
24025,0
24026,1
24027,0
24028,0
24029,1
24030,0
24031,1
24032,0
24033,0
24034,1
24035,0
24036,0
24037,0
24038,0
24039,0
24040,1
24041,1
24042,0
24043,0
24044,0
24045,0
24046,1
24047,1
24048,1
24049,1
24050,1
24051,0
24052,1
24053,1
24054,0
24055,1
24056,0
24057,1
24058,0
24059,1
24060,1
24061,1
24062,0
24063,0
24064,1
24065,0
24066,0
24067,1
24068,1
24069,1
24070,0
24071,0
24072,0
24073,1
24074,0
24075,0
24076,1
24077,0
24078,0
24079,1
24080,0
24081,0
24082,0
24083,1
24084,1
24085,1
24086,0
24087,1
24088,0
24089,1
24090,1
24091,1
24092,0
24093,1
24094,0
24095,0
24096,1
24097,0
24098,1
24099,1
24100,0
24101,0
24102,0
24103,0
24104,0
24105,1
24106,0
24107,0
24108,1
24109,1
24110,1
24111,0
24112,1
24113,1
24114,0
24115,1
24116,0
24117,1
24118,0
24119,0
24120,1
24121,0
24122,1
24123,1
24124,1
24125,0
24126,1
24127,1
24128,1
24129,0
24130,1
24131,0
24132,1
24133,0
24134,1
24135,1
24136,1
24137,0
24138,0
24139,1
24140,0
24141,1
24142,1
24143,1
24144,1
24145,1
24146,1
24147,1
24148,1
24149,0
24150,1
24151,1
24152,0
24153,0
24154,1
24155,1
24156,1
24157,1
24158,0
24159,1
24160,1
24161,0
24162,1
24163,0
24164,1
24165,1
24166,1
24167,1
24168,0
24169,1
24170,1
24171,0
24172,1
24173,0
24174,1
24175,1
24176,0
24177,1
24178,1
24179,0
24180,1
24181,0
24182,1
24183,0
24184,0
24185,1
24186,0
24187,1
24188,0
24189,1
24190,0
24191,1
24192,0
24193,1
24194,1
24195,1
24196,1
24197,0
24198,1
24199,1
24200,1
24201,0
24202,1
24203,0
24204,1
24205,1
24206,0
24207,0
24208,0
24209,0
24210,1
24211,1
24212,0
24213,1
24214,0
24215,1
24216,1
24217,1
24218,1
24219,0
24220,0
24221,1
24222,0
24223,1
24224,1
24225,0
24226,1
24227,0
24228,0
24229,0
24230,1
24231,0
24232,1
24233,1
24234,1
24235,1
24236,1
24237,1
24238,1
24239,1
24240,1
24241,0
24242,0
24243,0
24244,1
24245,0
24246,1
24247,0
24248,1
24249,0
24250,1
24251,1
24252,1
24253,0
24254,0
24255,1
24256,0
24257,1
24258,0
24259,1
24260,1
24261,1
24262,1
24263,1
24264,0
24265,0
24266,1
24267,0
24268,1
24269,0
24270,1
24271,0
24272,0
24273,1
24274,1
24275,0
24276,1
24277,0
24278,0
24279,1
24280,0
24281,1
24282,0
24283,0
24284,1
24285,1
24286,1
24287,0
24288,1
24289,0
24290,1
24291,1
24292,0
24293,0
24294,1
24295,0
24296,0
24297,0
24298,0
24299,1
24300,0
24301,0
24302,0
24303,1
24304,0
24305,1
24306,0
24307,0
24308,0
24309,1
24310,0
24311,0
24312,1
24313,1
24314,1
24315,1
24316,0
24317,0
24318,1
24319,0
24320,0
24321,1
24322,0
24323,1
24324,1
24325,0
24326,1
24327,1
24328,1
24329,1
24330,0
24331,1
24332,1
24333,0
24334,0
24335,1
24336,0
24337,1
24338,0
24339,1
24340,0
24341,0
24342,0
24343,0
24344,1
24345,0
24346,1
24347,1
24348,0
24349,0
24350,0
24351,1
24352,1
24353,1
24354,1
24355,0
24356,1
24357,1
24358,1
24359,0
24360,1
24361,1
24362,1
24363,0
24364,1
24365,1
24366,0
24367,1
24368,1
24369,0
24370,0
24371,0
24372,0
24373,0
24374,0
24375,1
24376,0
24377,0
24378,0
24379,0
24380,1
24381,1
24382,0
24383,0
24384,1
24385,1
24386,0
24387,0
24388,1
24389,1
24390,0
24391,1
24392,0
24393,1
24394,1
24395,0
24396,1
24397,1
24398,0
24399,0
24400,0
24401,1
24402,0
24403,0
24404,1
24405,0
24406,1
24407,0
24408,1
24409,1
24410,1
24411,0
24412,0
24413,0
24414,0
24415,1
24416,0
24417,0
24418,1
24419,1
24420,1
24421,0
24422,1
24423,1
24424,1
24425,0
24426,1
24427,1
24428,1
24429,0
24430,0
24431,1
24432,0
24433,0
24434,0
24435,1
24436,0
24437,1
24438,1
24439,0
24440,0
24441,0
24442,0
24443,0
24444,1
24445,0
24446,0
24447,1
24448,1
24449,0
24450,1
24451,1
24452,0
24453,0
24454,0
24455,0
24456,1
24457,0
24458,1
24459,0
24460,1
24461,1
24462,1
24463,1
24464,0
24465,0
24466,0
24467,0
24468,1
24469,1
24470,1
24471,1
24472,1
24473,1
24474,1
24475,1
24476,0
24477,0
24478,0
24479,1
24480,0
24481,0
24482,1
24483,0
24484,1
24485,1
24486,1
24487,0
24488,1
24489,0
24490,1
24491,0
24492,0
24493,1
24494,1
24495,0
24496,0
24497,1
24498,1
24499,0
24500,0
24501,0
24502,0
24503,1
24504,0
24505,1
24506,1
24507,0
24508,1
24509,0
24510,0
24511,0
24512,1
24513,0
24514,1
24515,1
24516,0
24517,1
24518,1
24519,1
24520,1
24521,1
24522,0
24523,1
24524,0
24525,1
24526,1
24527,1
24528,0
24529,1
24530,1
24531,0
24532,0
24533,0
24534,0
24535,0
24536,1
24537,0
24538,0
24539,0
24540,0
24541,1
24542,1
24543,0
24544,1
24545,0
24546,1
24547,1
24548,0
24549,0
24550,0
24551,1
24552,0
24553,1
24554,1
24555,1
24556,1
24557,0
24558,1
24559,1
24560,1
24561,1
24562,1
24563,0
24564,1
24565,0
24566,0
24567,0
24568,0
24569,1
24570,1
24571,0
24572,1
24573,0
24574,0
24575,1
24576,1
24577,0
24578,0
24579,0
24580,1
24581,0
24582,0
24583,0
24584,0
24585,0
24586,0
24587,1
24588,0
24589,0
24590,0
24591,0
24592,1
24593,1
24594,1
24595,1
24596,1
24597,0
24598,0
24599,0
24600,1
24601,0
24602,1
24603,0
24604,1
24605,1
24606,1
24607,1
24608,0
24609,1
24610,1
24611,1
24612,0
24613,1
24614,0
24615,1
24616,1
24617,0
24618,1
24619,0
24620,0
24621,0
24622,1
24623,1
24624,1
24625,1
24626,1
24627,0
24628,0
24629,1
24630,1
24631,1
24632,1
24633,1
24634,0
24635,1
24636,0
24637,1
24638,0
24639,1
24640,0
24641,1
24642,0
24643,0
24644,0
24645,0
24646,1
24647,1
24648,0
24649,1
24650,0
24651,1
24652,0
24653,1
24654,1
24655,0
24656,1
24657,1
24658,1
24659,0
24660,0
24661,0
24662,1
24663,0
24664,0
24665,0
24666,1
24667,1
24668,0
24669,1
24670,1
24671,0
24672,1
24673,0
24674,1
24675,1
24676,0
24677,0
24678,1
24679,1
24680,0
24681,1
24682,0
24683,1
24684,1
24685,0
24686,0
24687,1
24688,0
24689,1
24690,0
24691,0
24692,0
24693,0
24694,0
24695,0
24696,1
24697,1
24698,0
24699,1
24700,1
24701,1
24702,1
24703,0
24704,1
24705,1
24706,0
24707,0
24708,0
24709,1
24710,1
24711,1
24712,0
24713,0
24714,0
24715,0
24716,0
24717,1
24718,1
24719,0
24720,1
24721,0
24722,0
24723,0
24724,1
24725,0
24726,1
24727,0
24728,0
24729,1
24730,0
24731,1
24732,1
24733,1
24734,1
24735,0
24736,1
24737,0
24738,1
24739,0
24740,1
24741,0
24742,0
24743,1
24744,1
24745,1
24746,1
24747,1
24748,0
24749,1
24750,0
24751,0
24752,0
24753,0
24754,1
24755,0
24756,1
24757,0
24758,1
24759,1
24760,1
24761,1
24762,1
24763,0
24764,0
24765,0
24766,1
24767,0
24768,1
24769,0
24770,0
24771,0
24772,0
24773,0
24774,0
24775,0
24776,1
24777,1
24778,1
24779,0
24780,1
24781,0
24782,0
24783,1
24784,1
24785,0
24786,1
24787,0
24788,1
24789,0
24790,1
24791,0
24792,0
24793,0
24794,1
24795,1
24796,0
24797,1
24798,1
24799,0
24800,1
24801,1
24802,0
24803,0
24804,0
24805,1
24806,1
24807,0
24808,1
24809,0
24810,1
24811,0
24812,0
24813,0
24814,1
24815,1
24816,1
24817,0
24818,0
24819,0
24820,1
24821,1
24822,1
24823,0
24824,1
24825,1
24826,1
24827,1
24828,1
24829,1
24830,0
24831,0
24832,1
24833,0
24834,1
24835,0
24836,0
24837,1
24838,1
24839,1
24840,0
24841,1
24842,1
24843,1
24844,0
24845,1
24846,1
24847,0
24848,0
24849,0
24850,0
24851,0
24852,1
24853,1
24854,1
24855,1
24856,1
24857,0
24858,1
24859,1
24860,1
24861,1
24862,1
24863,0
24864,0
24865,1
24866,1
24867,0
24868,1
24869,1
24870,0
24871,0
24872,1
24873,1
24874,0
24875,0
24876,1
24877,0
24878,0
24879,1
24880,1
24881,0
24882,0
24883,0
24884,0
24885,1
24886,0
24887,1
24888,1
24889,0
24890,1
24891,0
24892,0
24893,1
24894,1
24895,1
24896,1
24897,1
24898,0
24899,0
24900,0
24901,0
24902,1
24903,0
24904,1
24905,1
24906,1
24907,0
24908,1
24909,1
24910,0
24911,0
24912,1
24913,0
24914,0
24915,1
24916,0
24917,0
24918,1
24919,0
24920,0
24921,0
24922,1
24923,0
24924,0
24925,0
24926,0
24927,1
24928,1
24929,1
24930,1
24931,0
24932,1
24933,0
24934,1
24935,1
24936,1
24937,1
24938,1
24939,1
24940,1
24941,1
24942,0
24943,1
24944,1
24945,0
24946,1
24947,0
24948,1
24949,0
24950,0
24951,0
24952,1
24953,1
24954,0
24955,0
24956,1
24957,1
24958,0
24959,0
24960,1
24961,0
24962,0
24963,0
24964,0
24965,1
24966,1
24967,0
24968,1
24969,1
24970,0
24971,1
24972,1
24973,1
24974,1
24975,0
24976,0
24977,1
24978,1
24979,1
24980,0
24981,0
24982,1
24983,0
24984,0
24985,1
24986,0
24987,0
24988,0
24989,1
24990,1
24991,1
24992,1
24993,0
24994,0
24995,1
24996,1
24997,0
24998,1
24999,0
25000,1
25001,0
25002,0
25003,1
25004,0
25005,0
25006,0
25007,1
25008,0
25009,1
25010,1
25011,0
25012,0
25013,0
25014,0
25015,0
25016,0
25017,1
25018,1
25019,0
25020,1
25021,1
25022,1
25023,0
25024,1
25025,1
25026,1
25027,1
25028,1
25029,1
25030,0
25031,1
25032,0
25033,0
25034,1
25035,1
25036,1
25037,0
25038,0
25039,1
25040,0
25041,0
25042,1
25043,1
25044,1
25045,1
25046,0
25047,0
25048,1
25049,1
25050,1
25051,0
25052,1
25053,1
25054,1
25055,1
25056,0
25057,1
25058,1
25059,0
25060,0
25061,0
25062,1
25063,0
25064,1
25065,0
25066,0
25067,0
25068,1
25069,0
25070,0
25071,0
25072,1
25073,0
25074,0
25075,0
25076,0
25077,0
25078,0
25079,0
25080,1
25081,1
25082,0
25083,1
25084,0
25085,0
25086,1
25087,1
25088,0
25089,1
25090,0
25091,0
25092,1
25093,1
25094,1
25095,1
25096,1
25097,0
25098,0
25099,1
25100,1
25101,0
25102,1
25103,1
25104,0
25105,1
25106,0
25107,1
25108,1
25109,0
25110,0
25111,0
25112,0
25113,0
25114,1
25115,1
25116,1
25117,0
25118,0
25119,1
25120,1
25121,1
25122,1
25123,1
25124,0
25125,0
25126,0
25127,0
25128,1
25129,0
25130,1
25131,0
25132,1
25133,0
25134,1
25135,0
25136,1
25137,0
25138,0
25139,1
25140,0
25141,0
25142,1
25143,0
25144,1
25145,1
25146,0
25147,1
25148,0
25149,0
25150,0
25151,0
25152,1
25153,0
25154,0
25155,1
25156,1
25157,1
25158,0
25159,1
25160,1
25161,1
25162,0
25163,0
25164,1
25165,1
25166,0
25167,1
25168,1
25169,0
25170,1
25171,0
25172,0
25173,1
25174,0
25175,1
25176,1
25177,1
25178,1
25179,0
25180,0
25181,1
25182,0
25183,1
25184,1
25185,1
25186,1
25187,1
25188,0
25189,0
25190,1
25191,0
25192,1
25193,1
25194,1
25195,0
25196,1
25197,1
25198,1
25199,0
25200,1
25201,1
25202,0
25203,1
25204,1
25205,0
25206,0
25207,0
25208,0
25209,0
25210,0
25211,0
25212,1
25213,0
25214,0
25215,1
25216,0
25217,0
25218,0
25219,1
25220,1
25221,1
25222,1
25223,0
25224,0
25225,1
25226,1
25227,0
25228,1
25229,1
25230,0
25231,1
25232,1
25233,1
25234,1
25235,0
25236,0
25237,1
25238,1
25239,1
25240,1
25241,0
25242,1
25243,1
25244,0
25245,0
25246,1
25247,0
25248,0
25249,1
25250,0
25251,1
25252,0
25253,1
25254,0
25255,0
25256,1
25257,0
25258,1
25259,1
25260,0
25261,1
25262,1
25263,0
25264,0
25265,0
25266,0
25267,0
25268,1
25269,1
25270,0
25271,0
25272,1
25273,0
25274,1
25275,1
25276,0
25277,1
25278,1
25279,1
25280,1
25281,1
25282,0
25283,1
25284,1
25285,0
25286,0
25287,1
25288,1
25289,0
25290,0
25291,0
25292,1
25293,1
25294,1
25295,1
25296,1
25297,1
25298,1
25299,1
25300,0
25301,0
25302,0
25303,1
25304,1
25305,1
25306,0
25307,0
25308,1
25309,1
25310,1
25311,0
25312,1
25313,1
25314,1
25315,0
25316,1
25317,1
25318,1
25319,1
25320,0
25321,0
25322,0
25323,1
25324,0
25325,0
25326,1
25327,1
25328,1
25329,1
25330,1
25331,1
25332,0
25333,1
25334,1
25335,1
25336,1
25337,1
25338,1
25339,1
25340,0
25341,0
25342,1
25343,0
25344,0
25345,1
25346,0
25347,1
25348,1
25349,1
25350,1
25351,1
25352,0
25353,0
25354,1
25355,1
25356,1
25357,1
25358,0
25359,0
25360,0
25361,0
25362,0
25363,1
25364,0
25365,1
25366,0
25367,0
25368,0
25369,0
25370,1
25371,0
25372,0
25373,1
25374,0
25375,0
25376,0
25377,0
25378,0
25379,1
25380,1
25381,0
25382,1
25383,1
25384,0
25385,0
25386,0
25387,1
25388,0
25389,0
25390,0
25391,0
25392,1
25393,0
25394,1
25395,1
25396,0
25397,1
25398,0
25399,0
25400,0
25401,0
25402,1
25403,1
25404,0
25405,0
25406,1
25407,1
25408,1
25409,1
25410,1
25411,0
25412,0
25413,1
25414,0
25415,0
25416,0
25417,1
25418,1
25419,1
25420,1
25421,1
25422,0
25423,1
25424,0
25425,0
25426,1
25427,0
25428,0
25429,0
25430,1
25431,1
25432,0
25433,1
25434,0
25435,1
25436,0
25437,0
25438,1
25439,0
25440,0
25441,0
25442,0
25443,1
25444,0
25445,0
25446,0
25447,1
25448,1
25449,1
25450,0
25451,1
25452,0
25453,1
25454,0
25455,1
25456,0
25457,1
25458,0
25459,1
25460,1
25461,0
25462,1
25463,0
25464,1
25465,0
25466,1
25467,0
25468,0
25469,0
25470,0
25471,0
25472,1
25473,1
25474,0
25475,1
25476,1
25477,1
25478,1
25479,1
25480,0
25481,1
25482,1
25483,0
25484,1
25485,0
25486,1
25487,1
25488,0
25489,0
25490,0
25491,0
25492,1
25493,1
25494,0
25495,0
25496,0
25497,1
25498,0
25499,1
25500,1
25501,1
25502,1
25503,1
25504,0
25505,1
25506,1
25507,0
25508,0
25509,0
25510,0
25511,1
25512,0
25513,0
25514,1
25515,0
25516,1
25517,0
25518,0
25519,0
25520,0
25521,0
25522,0
25523,1
25524,0
25525,1
25526,1
25527,0
25528,0
25529,1
25530,1
25531,1
25532,0
25533,1
25534,0
25535,1
25536,1
25537,1
25538,1
25539,0
25540,0
25541,0
25542,0
25543,1
25544,0
25545,0
25546,1
25547,1
25548,0
25549,1
25550,0
25551,1
25552,1
25553,0
25554,1
25555,0
25556,1
25557,1
25558,0
25559,0
25560,1
25561,0
25562,0
25563,1
25564,1
25565,0
25566,0
25567,0
25568,1
25569,1
25570,1
25571,1
25572,0
25573,0
25574,1
25575,1
25576,0
25577,1
25578,1
25579,0
25580,0
25581,0
25582,0
25583,0
25584,0
25585,1
25586,1
25587,1
25588,1
25589,0
25590,1
25591,1
25592,1
25593,1
25594,0
25595,1
25596,0
25597,1
25598,0
25599,1
25600,1
25601,0
25602,1
25603,0
25604,0
25605,1
25606,0
25607,1
25608,0
25609,0
25610,1
25611,0
25612,1
25613,1
25614,0
25615,1
25616,0
25617,0
25618,0
25619,1
25620,1
25621,0
25622,0
25623,1
25624,1
25625,0
25626,0
25627,1
25628,1
25629,1
25630,1
25631,0
25632,0
25633,1
25634,0
25635,0
25636,0
25637,1
25638,0
25639,1
25640,1
25641,1
25642,1
25643,1
25644,1
25645,0
25646,1
25647,1
25648,1
25649,1
25650,0
25651,0
25652,0
25653,1
25654,0
25655,1
25656,0
25657,1
25658,1
25659,1
25660,0
25661,1
25662,1
25663,0
25664,1
25665,0
25666,1
25667,0
25668,0
25669,1
25670,0
25671,0
25672,1
25673,1
25674,1
25675,1
25676,1
25677,1
25678,1
25679,1
25680,1
25681,1
25682,0
25683,0
25684,1
25685,1
25686,1
25687,0
25688,0
25689,1
25690,0
25691,1
25692,1
25693,1
25694,0
25695,1
25696,0
25697,1
25698,1
25699,0
25700,1
25701,0
25702,1
25703,0
25704,0
25705,1
25706,0
25707,0
25708,1
25709,1
25710,1
25711,1
25712,0
25713,0
25714,1
25715,1
25716,0
25717,1
25718,1
25719,1
25720,0
25721,0
25722,1
25723,1
25724,0
25725,0
25726,0
25727,1
25728,1
25729,1
25730,1
25731,1
25732,1
25733,1
25734,0
25735,1
25736,0
25737,1
25738,0
25739,1
25740,0
25741,1
25742,1
25743,1
25744,0
25745,1
25746,0
25747,0
25748,0
25749,0
25750,0
25751,1
25752,0
25753,1
25754,0
25755,0
25756,0
25757,0
25758,1
25759,1
25760,0
25761,0
25762,0
25763,0
25764,1
25765,1
25766,0
25767,1
25768,1
25769,0
25770,1
25771,1
25772,1
25773,1
25774,0
25775,1
25776,0
25777,1
25778,0
25779,0
25780,1
25781,1
25782,1
25783,0
25784,1
25785,1
25786,0
25787,1
25788,0
25789,1
25790,1
25791,1
25792,1
25793,0
25794,0
25795,1
25796,0
25797,1
25798,0
25799,1
25800,1
25801,1
25802,1
25803,1
25804,0
25805,0
25806,1
25807,1
25808,1
25809,1
25810,0
25811,1
25812,1
25813,1
25814,1
25815,0
25816,1
25817,0
25818,1
25819,0
25820,0
25821,0
25822,1
25823,0
25824,0
25825,1
25826,1
25827,0
25828,0
25829,0
25830,0
25831,0
25832,1
25833,1
25834,1
25835,0
25836,0
25837,1
25838,0
25839,1
25840,1
25841,1
25842,1
25843,0
25844,1
25845,0
25846,1
25847,1
25848,1
25849,0
25850,1
25851,0
25852,0
25853,1
25854,0
25855,0
25856,0
25857,1
25858,1
25859,0
25860,0
25861,1
25862,1
25863,1
25864,1
25865,1
25866,1
25867,1
25868,0
25869,0
25870,0
25871,1
25872,1
25873,0
25874,1
25875,1
25876,1
25877,0
25878,1
25879,1
25880,0
25881,0
25882,0
25883,1
25884,1
25885,1
25886,1
25887,1
25888,1
25889,0
25890,1
25891,0
25892,0
25893,1
25894,1
25895,1
25896,1
25897,0
25898,0
25899,0
25900,1
25901,1
25902,0
25903,1
25904,0
25905,1
25906,0
25907,1
25908,0
25909,1
25910,0
25911,0
25912,1
25913,1
25914,0
25915,1
25916,1
25917,0
25918,0
25919,1
25920,1
25921,0
25922,0
25923,0
25924,0
25925,1
25926,0
25927,1
25928,1
25929,1
25930,1
25931,0
25932,0
25933,1
25934,0
25935,1
25936,1
25937,0
25938,0
25939,1
25940,1
25941,1
25942,0
25943,1
25944,0
25945,1
25946,1
25947,1
25948,0
25949,0
25950,0
25951,1
25952,1
25953,0
25954,0
25955,1
25956,0
25957,1
25958,0
25959,1
25960,0
25961,0
25962,0
25963,1
25964,0
25965,0
25966,1
25967,1
25968,1
25969,0
25970,0
25971,1
25972,0
25973,1
25974,0
25975,1
25976,0
25977,1
25978,0
25979,1
25980,0
25981,1
25982,1
25983,1
25984,1
25985,0
25986,0
25987,0
25988,0
25989,1
25990,0
25991,1
25992,0
25993,1
25994,1
25995,0
25996,1
25997,1
25998,0
25999,0
26000,0
26001,0
26002,1
26003,0
26004,1
26005,0
26006,0
26007,0
26008,1
26009,1
26010,1
26011,1
26012,1
26013,0
26014,1
26015,1
26016,1
26017,1
26018,1
26019,0
26020,1
26021,1
26022,0
26023,1
26024,1
26025,1
26026,0
26027,0
26028,1
26029,1
26030,0
26031,1
26032,1
26033,0
26034,1
26035,1
26036,0
26037,1
26038,1
26039,0
26040,1
26041,0
26042,0
26043,0
26044,0
26045,1
26046,1
26047,1
26048,1
26049,1
26050,1
26051,1
26052,1
26053,0
26054,1
26055,1
26056,0
26057,0
26058,0
26059,0
26060,0
26061,1
26062,1
26063,1
26064,1
26065,0
26066,1
26067,1
26068,0
26069,1
26070,1
26071,1
26072,0
26073,0
26074,0
26075,0
26076,0
26077,0
26078,1
26079,1
26080,0
26081,1
26082,0
26083,0
26084,1
26085,1
26086,0
26087,0
26088,1
26089,0
26090,0
26091,1
26092,1
26093,0
26094,0
26095,0
26096,1
26097,0
26098,1
26099,1
26100,0
26101,1
26102,1
26103,1
26104,1
26105,0
26106,1
26107,1
26108,0
26109,0
26110,1
26111,1
26112,0
26113,0
26114,0
26115,0
26116,1
26117,1
26118,1
26119,0
26120,1
26121,1
26122,1
26123,0
26124,0
26125,0
26126,1
26127,1
26128,1
26129,1
26130,1
26131,1
26132,0
26133,0
26134,0
26135,1
26136,1
26137,1
26138,0
26139,1
26140,0
26141,1
26142,0
26143,0
26144,1
26145,0
26146,1
26147,1
26148,1
26149,1
26150,1
26151,0
26152,1
26153,0
26154,0
26155,0
26156,1
26157,0
26158,0
26159,1
26160,0
26161,0
26162,0
26163,1
26164,0
26165,0
26166,1
26167,1
26168,0
26169,1
26170,0
26171,0
26172,1
26173,0
26174,0
26175,1
26176,1
26177,0
26178,1
26179,0
26180,0
26181,1
26182,1
26183,1
26184,1
26185,0
26186,0
26187,0
26188,0
26189,0
26190,1
26191,1
26192,0
26193,1
26194,1
26195,0
26196,1
26197,1
26198,0
26199,0
26200,1
26201,0
26202,0
26203,0
26204,1
26205,0
26206,0
26207,1
26208,0
26209,0
26210,1
26211,0
26212,0
26213,0
26214,0
26215,1
26216,1
26217,1
26218,0
26219,0
26220,1
26221,0
26222,1
26223,1
26224,0
26225,1
26226,0
26227,1
26228,0
26229,0
26230,1
26231,0
26232,1
26233,1
26234,0
26235,1
26236,0
26237,0
26238,0
26239,1
26240,1
26241,0
26242,0
26243,1
26244,1
26245,0
26246,0
26247,1
26248,1
26249,1
26250,1
26251,0
26252,0
26253,0
26254,0
26255,0
26256,0
26257,1
26258,0
26259,0
26260,0
26261,1
26262,0
26263,1
26264,1
26265,0
26266,1
26267,1
26268,0
26269,1
26270,1
26271,0
26272,1
26273,1
26274,1
26275,0
26276,1
26277,1
26278,1
26279,1
26280,1
26281,1
26282,1
26283,0
26284,0
26285,0
26286,1
26287,1
26288,0
26289,1
26290,0
26291,0
26292,1
26293,0
26294,1
26295,1
26296,0
26297,1
26298,1
26299,1
26300,1
26301,0
26302,0
26303,0
26304,0
26305,1
26306,0
26307,1
26308,1
26309,1
26310,1
26311,1
26312,1
26313,0
26314,1
26315,0
26316,1
26317,1
26318,0
26319,1
26320,0
26321,0
26322,1
26323,1
26324,0
26325,1
26326,1
26327,1
26328,0
26329,1
26330,1
26331,1
26332,1
26333,0
26334,0
26335,0
26336,0
26337,0
26338,0
26339,1
26340,1
26341,1
26342,0
26343,0
26344,1
26345,1
26346,1
26347,1
26348,1
26349,1
26350,0
26351,1
26352,0
26353,1
26354,1
26355,0
26356,1
26357,1
26358,1
26359,1
26360,1
26361,1
26362,0
26363,1
26364,1
26365,0
26366,1
26367,0
26368,1
26369,1
26370,1
26371,1
26372,0
26373,0
26374,0
26375,0
26376,0
26377,1
26378,1
26379,0
26380,0
26381,1
26382,0
26383,1
26384,1
26385,0
26386,0
26387,1
26388,1
26389,0
26390,1
26391,0
26392,0
26393,0
26394,0
26395,0
26396,1
26397,0
26398,1
26399,1
26400,1
26401,0
26402,1
26403,0
26404,0
26405,1
26406,0
26407,1
26408,1
26409,1
26410,1
26411,1
26412,0
26413,1
26414,0
26415,1
26416,0
26417,0
26418,1
26419,0
26420,0
26421,0
26422,0
26423,0
26424,0
26425,0
26426,0
26427,1
26428,1
26429,1
26430,0
26431,0
26432,0
26433,0
26434,1
26435,1
26436,1
26437,1
26438,1
26439,0
26440,1
26441,0
26442,0
26443,1
26444,1
26445,0
26446,1
26447,0
26448,1
26449,0
26450,1
26451,1
26452,0
26453,1
26454,0
26455,0
26456,1
26457,1
26458,0
26459,0
26460,0
26461,0
26462,1
26463,1
26464,0
26465,0
26466,1
26467,1
26468,1
26469,1
26470,1
26471,1
26472,0
26473,0
26474,0
26475,1
26476,1
26477,0
26478,0
26479,0
26480,0
26481,0
26482,0
26483,1
26484,1
26485,1
26486,1
26487,1
26488,1
26489,1
26490,0
26491,0
26492,1
26493,0
26494,1
26495,1
26496,1
26497,0
26498,1
26499,1
26500,1
26501,1
26502,1
26503,1
26504,0
26505,1
26506,0
26507,1
26508,1
26509,1
26510,0
26511,1
26512,0
26513,0
26514,1
26515,1
26516,0
26517,1
26518,0
26519,1
26520,1
26521,0
26522,1
26523,1
26524,1
26525,0
26526,0
26527,0
26528,1
26529,0
26530,1
26531,1
26532,0
26533,1
26534,1
26535,1
26536,0
26537,1
26538,1
26539,0
26540,0
26541,1
26542,1
26543,0
26544,0
26545,1
26546,1
26547,0
26548,0
26549,1
26550,0
26551,1
26552,1
26553,0
26554,1
26555,1
26556,0
26557,0
26558,1
26559,0
26560,1
26561,0
26562,1
26563,0
26564,0
26565,0
26566,1
26567,1
26568,1
26569,0
26570,1
26571,0
26572,0
26573,0
26574,1
26575,1
26576,0
26577,0
26578,1
26579,1
26580,1
26581,0
26582,0
26583,0
26584,0
26585,1
26586,1
26587,1
26588,1
26589,1
26590,0
26591,0
26592,0
26593,1
26594,0
26595,1
26596,0
26597,1
26598,0
26599,1
26600,0
26601,1
26602,1
26603,0
26604,0
26605,1
26606,0
26607,0
26608,1
26609,1
26610,0
26611,0
26612,0
26613,0
26614,1
26615,1
26616,0
26617,1
26618,0
26619,1
26620,0
26621,1
26622,1
26623,0
26624,1
26625,0
26626,1
26627,1
26628,0
26629,1
26630,1
26631,1
26632,1
26633,1
26634,0
26635,1
26636,0
26637,0
26638,1
26639,1
26640,1
26641,0
26642,1
26643,0
26644,1
26645,0
26646,0
26647,1
26648,0
26649,0
26650,1
26651,1
26652,1
26653,1
26654,1
26655,1
26656,0
26657,0
26658,0
26659,1
26660,1
26661,1
26662,1
26663,1
26664,0
26665,0
26666,0
26667,1
26668,0
26669,0
26670,1
26671,1
26672,0
26673,0
26674,0
26675,1
26676,1
26677,0
26678,0
26679,0
26680,1
26681,0
26682,1
26683,0
26684,0
26685,0
26686,0
26687,0
26688,0
26689,1
26690,0
26691,0
26692,0
26693,1
26694,1
26695,0
26696,1
26697,1
26698,0
26699,0
26700,0
26701,1
26702,1
26703,1
26704,0
26705,0
26706,0
26707,1
26708,0
26709,0
26710,1
26711,0
26712,1
26713,1
26714,0
26715,0
26716,1
26717,1
26718,1
26719,1
26720,0
26721,1
26722,1
26723,0
26724,1
26725,1
26726,0
26727,0
26728,0
26729,0
26730,1
26731,0
26732,0
26733,1
26734,1
26735,0
26736,1
26737,0
26738,0
26739,0
26740,0
26741,0
26742,0
26743,1
26744,1
26745,1
26746,1
26747,0
26748,1
26749,1
26750,0
26751,1
26752,1
26753,1
26754,1
26755,0
26756,0
26757,1
26758,1
26759,0
26760,1
26761,1
26762,1
26763,1
26764,0
26765,1
26766,1
26767,1
26768,1
26769,1
26770,1
26771,0
26772,0
26773,1
26774,1
26775,1
26776,0
26777,1
26778,1
26779,1
26780,1
26781,1
26782,1
26783,1
26784,1
26785,0
26786,1
26787,1
26788,1
26789,0
26790,0
26791,1
26792,1
26793,0
26794,0
26795,0
26796,1
26797,1
26798,0
26799,1
26800,0
26801,1
26802,1
26803,0
26804,0
26805,1
26806,0
26807,1
26808,0
26809,1
26810,1
26811,0
26812,1
26813,1
26814,0
26815,0
26816,1
26817,1
26818,1
26819,0
26820,1
26821,0
26822,1
26823,0
26824,0
26825,0
26826,1
26827,0
26828,0
26829,0
26830,0
26831,1
26832,1
26833,1
26834,1
26835,1
26836,0
26837,0
26838,1
26839,0
26840,1
26841,1
26842,0
26843,0
26844,1
26845,1
26846,0
26847,0
26848,1
26849,0
26850,1
26851,0
26852,1
26853,1
26854,1
26855,1
26856,0
26857,1
26858,0
26859,1
26860,0
26861,0
26862,1
26863,1
26864,0
26865,0
26866,1
26867,1
26868,0
26869,0
26870,1
26871,1
26872,1
26873,0
26874,1
26875,1
26876,0
26877,1
26878,1
26879,1
26880,1
26881,0
26882,1
26883,1
26884,1
26885,1
26886,0
26887,1
26888,1
26889,1
26890,1
26891,1
26892,1
26893,0
26894,1
26895,0
26896,1
26897,1
26898,0
26899,1
26900,0
26901,0
26902,1
26903,1
26904,0
26905,1
26906,0
26907,1
26908,1
26909,0
26910,1
26911,1
26912,0
26913,1
26914,1
26915,0
26916,0
26917,0
26918,0
26919,0
26920,0
26921,0
26922,0
26923,1
26924,1
26925,1
26926,1
26927,1
26928,1
26929,0
26930,1
26931,1
26932,0
26933,1
26934,1
26935,1
26936,0
26937,0
26938,1
26939,1
26940,0
26941,0
26942,1
26943,1
26944,0
26945,0
26946,1
26947,1
26948,0
26949,1
26950,1
26951,1
26952,0
26953,1
26954,0
26955,1
26956,1
26957,1
26958,1
26959,0
26960,0
26961,1
26962,0
26963,1
26964,1
26965,1
26966,1
26967,0
26968,1
26969,1
26970,0
26971,0
26972,1
26973,1
26974,1
26975,1
26976,1
26977,1
26978,1
26979,1
26980,1
26981,1
26982,0
26983,0
26984,1
26985,1
26986,1
26987,0
26988,1
26989,0
26990,1
26991,0
26992,0
26993,1
26994,0
26995,1
26996,1
26997,0
26998,0
26999,0
27000,1
27001,1
27002,0
27003,0
27004,1
27005,0
27006,0
27007,1
27008,0
27009,0
27010,0
27011,1
27012,0
27013,0
27014,0
27015,0
27016,1
27017,0
27018,0
27019,1
27020,1
27021,0
27022,0
27023,0
27024,1
27025,1
27026,0
27027,0
27028,0
27029,0
27030,1
27031,1
27032,0
27033,0
27034,1
27035,1
27036,1
27037,1
27038,0
27039,0
27040,1
27041,0
27042,1
27043,1
27044,0
27045,1
27046,0
27047,1
27048,1
27049,1
27050,0
27051,1
27052,1
27053,0
27054,0
27055,1
27056,0
27057,0
27058,0
27059,1
27060,1
27061,1
27062,1
27063,0
27064,0
27065,0
27066,0
27067,1
27068,1
27069,1
27070,0
27071,0
27072,1
27073,1
27074,0
27075,0
27076,1
27077,1
27078,0
27079,1
27080,0
27081,1
27082,1
27083,1
27084,0
27085,1
27086,1
27087,1
27088,1
27089,0
27090,0
27091,1
27092,0
27093,1
27094,0
27095,1
27096,0
27097,0
27098,1
27099,1
27100,0
27101,0
27102,1
27103,1
27104,1
27105,0
27106,1
27107,0
27108,1
27109,0
27110,0
27111,1
27112,1
27113,1
27114,0
27115,0
27116,0
27117,1
27118,1
27119,0
27120,0
27121,1
27122,1
27123,0
27124,0
27125,0
27126,1
27127,1
27128,1
27129,1
27130,0
27131,1
27132,0
27133,1
27134,0
27135,0
27136,0
27137,0
27138,0
27139,1
27140,1
27141,1
27142,1
27143,0
27144,0
27145,1
27146,1
27147,1
27148,0
27149,1
27150,1
27151,0
27152,0
27153,1
27154,1
27155,1
27156,1
27157,1
27158,1
27159,0
27160,0
27161,1
27162,0
27163,1
27164,1
27165,0
27166,1
27167,1
27168,0
27169,1
27170,0
27171,1
27172,0
27173,1
27174,1
27175,0
27176,0
27177,1
27178,1
27179,1
27180,1
27181,0
27182,1
27183,1
27184,1
27185,0
27186,1
27187,1
27188,0
27189,0
27190,1
27191,1
27192,0
27193,1
27194,0
27195,1
27196,1
27197,1
27198,0
27199,1
27200,0
27201,1
27202,1
27203,1
27204,1
27205,0
27206,1
27207,1
27208,1
27209,0
27210,0
27211,0
27212,1
27213,1
27214,1
27215,0
27216,0
27217,1
27218,0
27219,1
27220,0
27221,0
27222,0
27223,0
27224,0
27225,0
27226,1
27227,1
27228,1
27229,1
27230,0
27231,1
27232,1
27233,1
27234,0
27235,0
27236,0
27237,1
27238,1
27239,0
27240,0
27241,1
27242,0
27243,1
27244,1
27245,1
27246,0
27247,0
27248,1
27249,0
27250,0
27251,0
27252,0
27253,0
27254,0
27255,0
27256,0
27257,1
27258,0
27259,1
27260,0
27261,0
27262,1
27263,1
27264,1
27265,1
27266,1
27267,1
27268,0
27269,0
27270,1
27271,1
27272,1
27273,0
27274,0
27275,1
27276,0
27277,1
27278,1
27279,0
27280,0
27281,0
27282,0
27283,1
27284,0
27285,0
27286,1
27287,1
27288,0
27289,1
27290,0
27291,0
27292,0
27293,0
27294,0
27295,1
27296,1
27297,0
27298,0
27299,1
27300,1
27301,0
27302,0
27303,1
27304,1
27305,0
27306,1
27307,1
27308,1
27309,1
27310,0
27311,0
27312,0
27313,0
27314,0
27315,0
27316,0
27317,1
27318,1
27319,1
27320,1
27321,1
27322,1
27323,0
27324,1
27325,1
27326,1
27327,0
27328,0
27329,0
27330,1
27331,1
27332,0
27333,1
27334,0
27335,0
27336,0
27337,1
27338,1
27339,1
27340,1
27341,1
27342,0
27343,0
27344,0
27345,1
27346,0
27347,1
27348,0
27349,1
27350,0
27351,0
27352,1
27353,1
27354,0
27355,0
27356,1
27357,1
27358,0
27359,1
27360,1
27361,1
27362,0
27363,0
27364,0
27365,1
27366,1
27367,0
27368,1
27369,1
27370,0
27371,1
27372,0
27373,0
27374,0
27375,0
27376,1
27377,0
27378,0
27379,1
27380,0
27381,0
27382,1
27383,0
27384,1
27385,0
27386,1
27387,0
27388,0
27389,0
27390,1
27391,1
27392,0
27393,1
27394,0
27395,1
27396,1
27397,1
27398,0
27399,0
27400,1
27401,0
27402,1
27403,0
27404,0
27405,1
27406,0
27407,1
27408,0
27409,1
27410,0
27411,1
27412,0
27413,0
27414,0
27415,1
27416,0
27417,0
27418,0
27419,0
27420,0
27421,0
27422,1
27423,1
27424,1
27425,1
27426,0
27427,1
27428,0
27429,1
27430,1
27431,1
27432,0
27433,0
27434,1
27435,1
27436,1
27437,1
27438,1
27439,1
27440,1
27441,1
27442,0
27443,1
27444,1
27445,1
27446,0
27447,0
27448,0
27449,1
27450,1
27451,0
27452,0
27453,1
27454,0
27455,0
27456,0
27457,1
27458,0
27459,1
27460,1
27461,1
27462,0
27463,0
27464,1
27465,0
27466,1
27467,1
27468,0
27469,0
27470,0
27471,1
27472,1
27473,1
27474,0
27475,1
27476,0
27477,0
27478,0
27479,1
27480,0
27481,0
27482,0
27483,1
27484,0
27485,0
27486,0
27487,1
27488,0
27489,0
27490,0
27491,0
27492,1
27493,1
27494,0
27495,1
27496,0
27497,1
27498,0
27499,1
27500,0
27501,0
27502,1
27503,1
27504,1
27505,0
27506,1
27507,1
27508,1
27509,0
27510,0
27511,0
27512,0
27513,1
27514,1
27515,1
27516,0
27517,1
27518,0
27519,0
27520,0
27521,0
27522,1
27523,1
27524,0
27525,0
27526,1
27527,0
27528,1
27529,1
27530,1
27531,0
27532,1
27533,1
27534,0
27535,0
27536,1
27537,1
27538,1
27539,0
27540,0
27541,1
27542,1
27543,1
27544,0
27545,1
27546,1
27547,0
27548,0
27549,1
27550,0
27551,0
27552,1
27553,0
27554,0
27555,0
27556,1
27557,0
27558,1
27559,0
27560,1
27561,0
27562,0
27563,1
27564,0
27565,1
27566,1
27567,0
27568,0
27569,1
27570,1
27571,1
27572,1
27573,1
27574,0
27575,1
27576,0
27577,1
27578,1
27579,0
27580,1
27581,0
27582,1
27583,0
27584,0
27585,1
27586,0
27587,0
27588,1
27589,0
27590,0
27591,1
27592,0
27593,0
27594,1
27595,1
27596,1
27597,1
27598,0
27599,1
27600,1
27601,1
27602,1
27603,1
27604,1
27605,0
27606,1
27607,0
27608,1
27609,0
27610,0
27611,1
27612,1
27613,1
27614,1
27615,1
27616,1
27617,0
27618,1
27619,1
27620,0
27621,1
27622,0
27623,1
27624,1
27625,1
27626,1
27627,1
27628,1
27629,0
27630,1
27631,0
27632,0
27633,1
27634,0
27635,1
27636,1
27637,1
27638,0
27639,0
27640,0
27641,0
27642,1
27643,1
27644,1
27645,1
27646,1
27647,0
27648,0
27649,0
27650,1
27651,1
27652,1
27653,1
27654,1
27655,0
27656,0
27657,1
27658,1
27659,1
27660,1
27661,1
27662,1
27663,0
27664,1
27665,0
27666,0
27667,1
27668,1
27669,0
27670,1
27671,0
27672,0
27673,0
27674,1
27675,1
27676,1
27677,0
27678,1
27679,0
27680,1
27681,0
27682,1
27683,0
27684,1
27685,0
27686,0
27687,1
27688,1
27689,1
27690,1
27691,0
27692,1
27693,1
27694,0
27695,0
27696,1
27697,1
27698,0
27699,1
27700,0
27701,1
27702,0
27703,0
27704,0
27705,0
27706,0
27707,1
27708,1
27709,1
27710,0
27711,1
27712,1
27713,0
27714,0
27715,0
27716,0
27717,0
27718,0
27719,0
27720,1
27721,1
27722,0
27723,1
27724,0
27725,0
27726,0
27727,1
27728,1
27729,0
27730,0
27731,0
27732,1
27733,1
27734,1
27735,1
27736,1
27737,1
27738,0
27739,0
27740,1
27741,0
27742,0
27743,0
27744,0
27745,0
27746,1
27747,0
27748,1
27749,1
27750,1
27751,1
27752,0
27753,1
27754,0
27755,0
27756,1
27757,1
27758,0
27759,0
27760,1
27761,1
27762,1
27763,1
27764,0
27765,0
27766,1
27767,1
27768,1
27769,1
27770,1
27771,1
27772,1
27773,0
27774,0
27775,0
27776,0
27777,1
27778,0
27779,1
27780,0
27781,1
27782,1
27783,1
27784,0
27785,0
27786,1
27787,0
27788,1
27789,0
27790,0
27791,1
27792,0
27793,1
27794,1
27795,1
27796,1
27797,1
27798,1
27799,1
27800,1
27801,0
27802,0
27803,0
27804,0
27805,1
27806,0
27807,1
27808,1
27809,1
27810,1
27811,0
27812,0
27813,0
27814,0
27815,1
27816,1
27817,0
27818,1
27819,0
27820,1
27821,1
27822,1
27823,0
27824,0
27825,1
27826,0
27827,1
27828,1
27829,1
27830,1
27831,1
27832,0
27833,1
27834,0
27835,1
27836,1
27837,0
27838,0
27839,0
27840,0
27841,0
27842,1
27843,0
27844,1
27845,0
27846,0
27847,0
27848,0
27849,1
27850,0
27851,1
27852,1
27853,1
27854,1
27855,0
27856,1
27857,1
27858,1
27859,1
27860,0
27861,0
27862,1
27863,1
27864,0
27865,0
27866,0
27867,1
27868,0
27869,0
27870,1
27871,1
27872,0
27873,1
27874,1
27875,1
27876,1
27877,0
27878,0
27879,0
27880,0
27881,0
27882,0
27883,1
27884,1
27885,0
27886,0
27887,0
27888,0
27889,1
27890,1
27891,1
27892,0
27893,1
27894,0
27895,1
27896,1
27897,0
27898,0
27899,1
27900,0
27901,0
27902,0
27903,0
27904,0
27905,0
27906,0
27907,1
27908,0
27909,1
27910,1
27911,1
27912,0
27913,1
27914,1
27915,1
27916,1
27917,1
27918,0
27919,0
27920,1
27921,1
27922,0
27923,1
27924,0
27925,0
27926,0
27927,0
27928,0
27929,0
27930,1
27931,0
27932,1
27933,1
27934,0
27935,1
27936,1
27937,1
27938,0
27939,1
27940,1
27941,0
27942,0
27943,1
27944,1
27945,1
27946,0
27947,1
27948,1
27949,0
27950,1
27951,1
27952,0
27953,1
27954,0
27955,1
27956,0
27957,0
27958,1
27959,0
27960,1
27961,1
27962,0
27963,0
27964,1
27965,1
27966,1
27967,0
27968,1
27969,1
27970,1
27971,0
27972,1
27973,1
27974,0
27975,1
27976,1
27977,0
27978,1
27979,0
27980,1
27981,0
27982,1
27983,1
27984,1
27985,0
27986,0
27987,0
27988,1
27989,1
27990,1
27991,0
27992,0
27993,0
27994,0
27995,1
27996,1
27997,0
27998,0
27999,0
28000,0
28001,0
28002,0
28003,1
28004,0
28005,0
28006,1
28007,1
28008,0
28009,1
28010,1
28011,1
28012,1
28013,1
28014,1
28015,1
28016,1
28017,0
28018,0
28019,0
28020,0
28021,1
28022,1
28023,1
28024,0
28025,0
28026,1
28027,1
28028,1
28029,0
28030,1
28031,0
28032,1
28033,0
28034,0
28035,0
28036,1
28037,0
28038,1
28039,0
28040,0
28041,1
28042,0
28043,1
28044,0
28045,1
28046,0
28047,1
28048,1
28049,0
28050,1
28051,1
28052,1
28053,0
28054,1
28055,1
28056,1
28057,0
28058,0
28059,0
28060,0
28061,0
28062,1
28063,0
28064,1
28065,0
28066,0
28067,1
28068,1
28069,0
28070,1
28071,1
28072,1
28073,0
28074,1
28075,1
28076,1
28077,1
28078,0
28079,0
28080,1
28081,1
28082,0
28083,1
28084,0
28085,0
28086,1
28087,1
28088,0
28089,0
28090,0
28091,0
28092,1
28093,0
28094,1
28095,1
28096,0
28097,1
28098,1
28099,0
28100,1
28101,0
28102,0
28103,1
28104,0
28105,1
28106,0
28107,1
28108,1
28109,1
28110,0
28111,0
28112,1
28113,1
28114,1
28115,0
28116,1
28117,1
28118,1
28119,1
28120,0
28121,0
28122,1
28123,1
28124,0
28125,0
28126,0
28127,1
28128,0
28129,0
28130,1
28131,1
28132,0
28133,0
28134,0
28135,1
28136,1
28137,0
28138,1
28139,0
28140,0
28141,1
28142,1
28143,0
28144,1
28145,1
28146,0
28147,1
28148,0
28149,1
28150,1
28151,0
28152,0
28153,1
28154,0
28155,0
28156,1
28157,1
28158,1
28159,0
28160,1
28161,1
28162,0
28163,0
28164,1
28165,1
28166,0
28167,1
28168,0
28169,1
28170,0
28171,1
28172,0
28173,0
28174,0
28175,0
28176,0
28177,0
28178,0
28179,1
28180,1
28181,0
28182,0
28183,1
28184,0
28185,0
28186,0
28187,1
28188,1
28189,0
28190,0
28191,1
28192,0
28193,1
28194,1
28195,1
28196,1
28197,1
28198,0
28199,0
28200,1
28201,1
28202,0
28203,0
28204,0
28205,1
28206,1
28207,1
28208,1
28209,0
28210,1
28211,1
28212,1
28213,0
28214,1
28215,1
28216,0
28217,1
28218,1
28219,1
28220,1
28221,1
28222,1
28223,1
28224,0
28225,1
28226,0
28227,0
28228,1
28229,1
28230,1
28231,0
28232,0
28233,0
28234,0
28235,0
28236,1
28237,1
28238,1
28239,1
28240,0
28241,0
28242,1
28243,1
28244,1
28245,1
28246,1
28247,1
28248,1
28249,1
28250,1
28251,1
28252,1
28253,1
28254,1
28255,0
28256,1
28257,0
28258,1
28259,0
28260,1
28261,0
28262,0
28263,1
28264,1
28265,0
28266,0
28267,1
28268,1
28269,0
28270,1
28271,0
28272,0
28273,1
28274,0
28275,1
28276,0
28277,0
28278,1
28279,0
28280,1
28281,0
28282,1
28283,1
28284,1
28285,1
28286,0
28287,1
28288,1
28289,0
28290,1
28291,1
28292,0
28293,0
28294,0
28295,0
28296,1
28297,0
28298,1
28299,1
28300,0
28301,0
28302,1
28303,0
28304,0
28305,1
28306,1
28307,1
28308,1
28309,1
28310,1
28311,1
28312,0
28313,1
28314,0
28315,0
28316,1
28317,0
28318,0
28319,0
28320,0
28321,0
28322,1
28323,1
28324,1
28325,1
28326,1
28327,1
28328,0
28329,0
28330,1
28331,0
28332,0
28333,0
28334,0
28335,1
28336,0
28337,1
28338,0
28339,1
28340,1
28341,0
28342,0
28343,1
28344,0
28345,1
28346,0
28347,0
28348,1
28349,0
28350,1
28351,0
28352,0
28353,1
28354,1
28355,1
28356,1
28357,0
28358,0
28359,0
28360,1
28361,1
28362,0
28363,1
28364,1
28365,1
28366,0
28367,0
28368,1
28369,0
28370,1
28371,1
28372,1
28373,0
28374,0
28375,0
28376,1
28377,0
28378,0
28379,1
28380,0
28381,1
28382,1
28383,1
28384,1
28385,1
28386,0
28387,1
28388,0
28389,1
28390,1
28391,1
28392,0
28393,0
28394,0
28395,0
28396,0
28397,0
28398,1
28399,1
28400,0
28401,0
28402,1
28403,1
28404,1
28405,0
28406,0
28407,1
28408,0
28409,0
28410,1
28411,0
28412,0
28413,1
28414,1
28415,0
28416,1
28417,0
28418,0
28419,1
28420,1
28421,0
28422,0
28423,1
28424,0
28425,0
28426,1
28427,1
28428,1
28429,1
28430,0
28431,0
28432,0
28433,1
28434,0
28435,1
28436,1
28437,0
28438,0
28439,1
28440,1
28441,0
28442,1
28443,0
28444,1
28445,0
28446,0
28447,1
28448,0
28449,1
28450,0
28451,1
28452,0
28453,1
28454,0
28455,0
28456,1
28457,1
28458,0
28459,0
28460,1
28461,0
28462,0
28463,0
28464,0
28465,0
28466,0
28467,1
28468,0
28469,1
28470,1
28471,0
28472,0
28473,1
28474,0
28475,1
28476,0
28477,0
28478,1
28479,1
28480,1
28481,0
28482,0
28483,1
28484,1
28485,1
28486,1
28487,1
28488,1
28489,0
28490,1
28491,1
28492,0
28493,1
28494,1
28495,1
28496,1
28497,1
28498,1
28499,0
28500,1
28501,1
28502,0
28503,0
28504,1
28505,0
28506,0
28507,1
28508,0
28509,1
28510,0
28511,0
28512,0
28513,1
28514,1
28515,0
28516,0
28517,0
28518,0
28519,1
28520,1
28521,0
28522,1
28523,1
28524,1
28525,1
28526,1
28527,1
28528,0
28529,0
28530,0
28531,1
28532,1
28533,0
28534,0
28535,1
28536,1
28537,1
28538,1
28539,1
28540,0
28541,1
28542,1
28543,1
28544,0
28545,1
28546,1
28547,1
28548,0
28549,0
28550,1
28551,0
28552,0
28553,0
28554,0
28555,0
28556,1
28557,0
28558,1
28559,0
28560,0
28561,0
28562,0
28563,1
28564,0
28565,1
28566,1
28567,0
28568,0
28569,0
28570,0
28571,0
28572,0
28573,0
28574,1
28575,0
28576,0
28577,1
28578,1
28579,0
28580,1
28581,1
28582,0
28583,0
28584,1
28585,1
28586,1
28587,0
28588,0
28589,0
28590,1
28591,0
28592,1
28593,0
28594,1
28595,1
28596,0
28597,0
28598,0
28599,1
28600,1
28601,0
28602,0
28603,0
28604,1
28605,0
28606,1
28607,1
28608,0
28609,1
28610,1
28611,1
28612,1
28613,0
28614,1
28615,1
28616,0
28617,0
28618,1
28619,1
28620,1
28621,0
28622,1
28623,0
28624,1
28625,0
28626,1
28627,0
28628,0
28629,1
28630,1
28631,0
28632,0
28633,1
28634,1
28635,0
28636,1
28637,0
28638,1
28639,0
28640,1
28641,1
28642,1
28643,1
28644,0
28645,1
28646,1
28647,0
28648,1
28649,1
28650,0
28651,0
28652,1
28653,1
28654,1
28655,1
28656,1
28657,1
28658,1
28659,1
28660,0
28661,0
28662,0
28663,0
28664,1
28665,0
28666,1
28667,0
28668,0
28669,0
28670,1
28671,0
28672,0
28673,0
28674,1
28675,1
28676,0
28677,0
28678,0
28679,0
28680,0
28681,1
28682,0
28683,0
28684,1
28685,0
28686,1
28687,0
28688,1
28689,0
28690,0
28691,1
28692,0
28693,0
28694,0
28695,0
28696,1
28697,1
28698,0
28699,1
28700,1
28701,0
28702,1
28703,0
28704,0
28705,1
28706,1
28707,0
28708,1
28709,1
28710,0
28711,1
28712,0
28713,0
28714,1
28715,0
28716,1
28717,1
28718,0
28719,1
28720,0
28721,1
28722,1
28723,1
28724,0
28725,1
28726,1
28727,1
28728,0
28729,1
28730,1
28731,0
28732,1
28733,1
28734,0
28735,0
28736,1
28737,0
28738,0
28739,1
28740,1
28741,0
28742,0
28743,1
28744,0
28745,0
28746,1
28747,0
28748,0
28749,1
28750,1
28751,0
28752,1
28753,1
28754,1
28755,1
28756,1
28757,1
28758,1
28759,1
28760,0
28761,1
28762,0
28763,1
28764,1
28765,0
28766,0
28767,0
28768,1
28769,1
28770,0
28771,1
28772,0
28773,1
28774,1
28775,1
28776,0
28777,0
28778,1
28779,1
28780,1
28781,0
28782,1
28783,0
28784,0
28785,1
28786,1
28787,1
28788,0
28789,0
28790,1
28791,1
28792,0
28793,1
28794,1
28795,0
28796,1
28797,0
28798,1
28799,1
28800,1
28801,0
28802,1
28803,0
28804,0
28805,1
28806,0
28807,1
28808,0
28809,0
28810,0
28811,1
28812,0
28813,0
28814,1
28815,1
28816,0
28817,0
28818,0
28819,0
28820,1
28821,0
28822,0
28823,1
28824,0
28825,0
28826,0
28827,1
28828,0
28829,0
28830,0
28831,0
28832,1
28833,0
28834,0
28835,0
28836,0
28837,0
28838,1
28839,1
28840,1
28841,1
28842,0
28843,0
28844,1
28845,1
28846,1
28847,0
28848,1
28849,0
28850,0
28851,1
28852,1
28853,1
28854,1
28855,0
28856,1
28857,0
28858,0
28859,1
28860,1
28861,0
28862,0
28863,1
28864,0
28865,0
28866,1
28867,1
28868,1
28869,1
28870,0
28871,0
28872,1
28873,1
28874,1
28875,0
28876,1
28877,1
28878,0
28879,1
28880,1
28881,1
28882,0
28883,0
28884,1
28885,0
28886,1
28887,1
28888,1
28889,1
28890,1
28891,1
28892,0
28893,0
28894,1
28895,0
28896,0
28897,0
28898,0
28899,0
28900,1
28901,1
28902,1
28903,0
28904,1
28905,1
28906,0
28907,0
28908,0
28909,1
28910,1
28911,0
28912,1
28913,0
28914,0
28915,0
28916,1
28917,1
28918,0
28919,1
28920,0
28921,1
28922,1
28923,0
28924,0
28925,1
28926,1
28927,1
28928,1
28929,0
28930,0
28931,1
28932,1
28933,0
28934,0
28935,0
28936,1
28937,0
28938,1
28939,0
28940,0
28941,0
28942,1
28943,0
28944,0
28945,1
28946,0
28947,0
28948,1
28949,1
28950,0
28951,1
28952,1
28953,1
28954,0
28955,1
28956,1
28957,1
28958,0
28959,0
28960,1
28961,1
28962,1
28963,1
28964,1
28965,0
28966,0
28967,1
28968,1
28969,1
28970,0
28971,1
28972,0
28973,0
28974,0
28975,0
28976,1
28977,0
28978,0
28979,0
28980,0
28981,1
28982,0
28983,0
28984,0
28985,1
28986,0
28987,1
28988,0
28989,1
28990,1
28991,1
28992,0
28993,0
28994,0
28995,0
28996,0
28997,0
28998,0
28999,0
29000,1
29001,1
29002,1
29003,1
29004,0
29005,1
29006,1
29007,0
29008,0
29009,0
29010,0
29011,0
29012,1
29013,1
29014,1
29015,0
29016,0
29017,0
29018,1
29019,0
29020,1
29021,0
29022,0
29023,1
29024,0
29025,1
29026,0
29027,1
29028,1
29029,1
29030,1
29031,1
29032,1
29033,0
29034,1
29035,1
29036,1
29037,0
29038,1
29039,1
29040,1
29041,1
29042,0
29043,0
29044,0
29045,0
29046,0
29047,0
29048,1
29049,1
29050,1
29051,0
29052,1
29053,1
29054,1
29055,1
29056,1
29057,1
29058,1
29059,1
29060,0
29061,1
29062,0
29063,1
29064,1
29065,1
29066,1
29067,1
29068,1
29069,0
29070,1
29071,1
29072,0
29073,1
29074,1
29075,1
29076,0
29077,1
29078,1
29079,1
29080,1
29081,0
29082,1
29083,1
29084,0
29085,1
29086,1
29087,0
29088,0
29089,1
29090,0
29091,1
29092,0
29093,0
29094,1
29095,1
29096,1
29097,1
29098,1
29099,1
29100,1
29101,1
29102,0
29103,0
29104,0
29105,0
29106,1
29107,1
29108,0
29109,1
29110,1
29111,1
29112,1
29113,1
29114,1
29115,1
29116,1
29117,0
29118,0
29119,0
29120,1
29121,1
29122,1
29123,1
29124,1
29125,0
29126,0
29127,1
29128,1
29129,0
29130,0
29131,0
29132,1
29133,0
29134,1
29135,1
29136,1
29137,0
29138,1
29139,1
29140,0
29141,1
29142,0
29143,0
29144,1
29145,0
29146,0
29147,1
29148,1
29149,1
29150,1
29151,1
29152,1
29153,0
29154,1
29155,0
29156,1
29157,0
29158,0
29159,1
29160,0
29161,1
29162,1
29163,1
29164,0
29165,0
29166,0
29167,0
29168,0
29169,1
29170,1
29171,1
29172,1
29173,1
29174,0
29175,1
29176,0
29177,0
29178,0
29179,0
29180,0
29181,1
29182,0
29183,0
29184,1
29185,0
29186,0
29187,1
29188,1
29189,0
29190,0
29191,0
29192,1
29193,0
29194,0
29195,1
29196,1
29197,1
29198,0
29199,1
29200,0
29201,1
29202,0
29203,0
29204,0
29205,1
29206,0
29207,0
29208,1
29209,1
29210,0
29211,1
29212,0
29213,1
29214,0
29215,0
29216,1
29217,1
29218,1
29219,0
29220,1
29221,1
29222,0
29223,1
29224,1
29225,0
29226,1
29227,0
29228,1
29229,0
29230,0
29231,1
29232,0
29233,1
29234,0
29235,1
29236,1
29237,0
29238,1
29239,0
29240,1
29241,1
29242,1
29243,1
29244,1
29245,0
29246,1
29247,1
29248,1
29249,1
29250,0
29251,0
29252,1
29253,1
29254,0
29255,0
29256,0
29257,1
29258,0
29259,0
29260,1
29261,1
29262,0
29263,1
29264,0
29265,1
29266,1
29267,1
29268,0
29269,0
29270,1
29271,1
29272,0
29273,1
29274,0
29275,1
29276,0
29277,1
29278,1
29279,0
29280,1
29281,0
29282,1
29283,1
29284,0
29285,0
29286,1
29287,0
29288,1
29289,1
29290,0
29291,1
29292,0
29293,0
29294,1
29295,0
29296,1
29297,1
29298,0
29299,1
29300,1
29301,1
29302,0
29303,0
29304,0
29305,0
29306,1
29307,0
29308,0
29309,0
29310,0
29311,0
29312,1
29313,0
29314,1
29315,1
29316,1
29317,1
29318,0
29319,1
29320,0
29321,1
29322,1
29323,1
29324,0
29325,0
29326,0
29327,0
29328,1
29329,0
29330,1
29331,0
29332,1
29333,1
29334,1
29335,1
29336,1
29337,0
29338,1
29339,0
29340,1
29341,0
29342,0
29343,1
29344,0
29345,0
29346,1
29347,0
29348,0
29349,0
29350,0
29351,0
29352,0
29353,1
29354,1
29355,1
29356,1
29357,1
29358,0
29359,1
29360,1
29361,1
29362,1
29363,1
29364,1
29365,0
29366,0
29367,0
29368,1
29369,1
29370,1
29371,0
29372,0
29373,0
29374,1
29375,0
29376,1
29377,0
29378,1
29379,1
29380,1
29381,1
29382,1
29383,0
29384,1
29385,0
29386,0
29387,1
29388,1
29389,1
29390,0
29391,1
29392,1
29393,1
29394,1
29395,0
29396,1
29397,0
29398,1
29399,0
29400,0
29401,1
29402,1
29403,1
29404,1
29405,1
29406,0
29407,0
29408,0
29409,1
29410,1
29411,0
29412,0
29413,1
29414,0
29415,0
29416,1
29417,1
29418,0
29419,0
29420,1
29421,0
29422,1
29423,1
29424,0
29425,0
29426,1
29427,0
29428,1
29429,0
29430,1
29431,0
29432,0
29433,1
29434,1
29435,1
29436,1
29437,0
29438,0
29439,1
29440,0
29441,0
29442,0
29443,1
29444,1
29445,0
29446,0
29447,1
29448,1
29449,1
29450,1
29451,1
29452,1
29453,1
29454,1
29455,1
29456,1
29457,1
29458,1
29459,0
29460,0
29461,1
29462,0
29463,0
29464,1
29465,1
29466,0
29467,0
29468,1
29469,1
29470,0
29471,1
29472,1
29473,0
29474,1
29475,1
29476,0
29477,0
29478,0
29479,1
29480,1
29481,0
29482,0
29483,0
29484,1
29485,0
29486,1
29487,0
29488,1
29489,1
29490,0
29491,1
29492,0
29493,0
29494,0
29495,0
29496,0
29497,1
29498,0
29499,1
29500,1
29501,1
29502,0
29503,1
29504,1
29505,0
29506,1
29507,0
29508,0
29509,1
29510,0
29511,0
29512,1
29513,1
29514,1
29515,1
29516,1
29517,1
29518,0
29519,0
29520,0
29521,1
29522,1
29523,1
29524,0
29525,0
29526,0
29527,0
29528,1
29529,0
29530,1
29531,1
29532,0
29533,1
29534,0
29535,0
29536,1
29537,1
29538,1
29539,1
29540,1
29541,1
29542,1
29543,0
29544,1
29545,1
29546,1
29547,0
29548,1
29549,0
29550,1
29551,1
29552,1
29553,1
29554,1
29555,1
29556,0
29557,0
29558,1
29559,0
29560,1
29561,1
29562,1
29563,1
29564,0
29565,1
29566,0
29567,1
29568,1
29569,1
29570,0
29571,0
29572,0
29573,1
29574,0
29575,0
29576,1
29577,0
29578,1
29579,0
29580,0
29581,1
29582,1
29583,1
29584,0
29585,1
29586,1
29587,1
29588,1
29589,1
29590,0
29591,1
29592,1
29593,1
29594,1
29595,1
29596,1
29597,1
29598,1
29599,0
29600,0
29601,1
29602,0
29603,0
29604,1
29605,1
29606,0
29607,1
29608,0
29609,1
29610,1
29611,1
29612,0
29613,0
29614,0
29615,1
29616,1
29617,0
29618,1
29619,0
29620,1
29621,1
29622,1
29623,1
29624,1
29625,0
29626,1
29627,1
29628,0
29629,1
29630,1
29631,0
29632,1
29633,0
29634,0
29635,0
29636,0
29637,0
29638,1
29639,1
29640,1
29641,1
29642,0
29643,1
29644,1
29645,0
29646,1
29647,1
29648,1
29649,0
29650,1
29651,0
29652,1
29653,0
29654,0
29655,1
29656,0
29657,1
29658,1
29659,0
29660,0
29661,1
29662,0
29663,1
29664,0
29665,1
29666,0
29667,0
29668,1
29669,1
29670,0
29671,0
29672,0
29673,1
29674,1
29675,1
29676,0
29677,1
29678,1
29679,1
29680,1
29681,1
29682,1
29683,1
29684,0
29685,0
29686,1
29687,1
29688,1
29689,0
29690,0
29691,0
29692,1
29693,0
29694,0
29695,1
29696,0
29697,1
29698,0
29699,0
29700,1
29701,0
29702,0
29703,1
29704,1
29705,0
29706,1
29707,0
29708,1
29709,0
29710,1
29711,1
29712,1
29713,0
29714,0
29715,1
29716,0
29717,0
29718,1
29719,1
29720,1
29721,1
29722,0
29723,1
29724,1
29725,0
29726,0
29727,0
29728,0
29729,0
29730,1
29731,0
29732,0
29733,0
29734,1
29735,0
29736,0
29737,1
29738,0
29739,1
29740,0
29741,0
29742,0
29743,1
29744,0
29745,0
29746,1
29747,0
29748,0
29749,1
29750,0
29751,1
29752,1
29753,0
29754,0
29755,1
29756,1
29757,1
29758,1
29759,1
29760,1
29761,1
29762,0
29763,1
29764,0
29765,1
29766,0
29767,1
29768,1
29769,0
29770,1
29771,1
29772,0
29773,1
29774,1
29775,0
29776,1
29777,0
29778,0
29779,1
29780,0
29781,0
29782,0
29783,1
29784,0
29785,1
29786,1
29787,1
29788,1
29789,0
29790,0
29791,0
29792,1
29793,1
29794,1
29795,1
29796,0
29797,0
29798,1
29799,1
29800,1
29801,1
29802,0
29803,1
29804,1
29805,1
29806,0
29807,0
29808,1
29809,1
29810,1
29811,0
29812,0
29813,0
29814,1
29815,1
29816,1
29817,1
29818,0
29819,0
29820,1
29821,1
29822,1
29823,0
29824,1
29825,0
29826,0
29827,0
29828,0
29829,0
29830,1
29831,1
29832,1
29833,1
29834,1
29835,0
29836,1
29837,0
29838,1
29839,1
29840,1
29841,1
29842,0
29843,1
29844,0
29845,0
29846,0
29847,0
29848,1
29849,0
29850,0
29851,0
29852,1
29853,0
29854,1
29855,0
29856,1
29857,0
29858,1
29859,1
29860,0
29861,1
29862,0
29863,1
29864,1
29865,1
29866,0
29867,1
29868,1
29869,1
29870,0
29871,1
29872,1
29873,0
29874,1
29875,1
29876,1
29877,0
29878,1
29879,0
29880,0
29881,1
29882,0
29883,0
29884,1
29885,1
29886,0
29887,1
29888,1
29889,1
29890,0
29891,0
29892,0
29893,0
29894,1
29895,1
29896,1
29897,1
29898,1
29899,1
29900,1
29901,0
29902,0
29903,1
29904,1
29905,0
29906,1
29907,0
29908,1
29909,0
29910,1
29911,1
29912,0
29913,1
29914,0
29915,0
29916,1
29917,0
29918,0
29919,1
29920,0
29921,1
29922,1
29923,1
29924,1
29925,1
29926,1
29927,0
29928,0
29929,0
29930,0
29931,1
29932,1
29933,1
29934,1
29935,1
29936,1
29937,1
29938,1
29939,1
29940,0
29941,1
29942,1
29943,1
29944,0
29945,1
29946,0
29947,0
29948,1
29949,1
29950,0
29951,1
29952,1
29953,0
29954,0
29955,0
29956,0
29957,1
29958,1
29959,1
29960,1
29961,1
29962,1
29963,1
29964,0
29965,1
29966,1
29967,1
29968,1
29969,0
29970,1
29971,0
29972,1
29973,1
29974,1
29975,0
29976,0
29977,0
29978,1
29979,0
29980,0
29981,0
29982,0
29983,1
29984,0
29985,0
29986,1
29987,0
29988,1
29989,0
29990,0
29991,1
29992,0
29993,1
29994,0
29995,0
29996,1
29997,1
29998,1
29999,1
30000,0
30001,1
30002,0
30003,1
30004,0
30005,0
30006,1
30007,0
30008,0
30009,1
30010,1
30011,0
30012,0
30013,1
30014,0
30015,1
30016,0
30017,0
30018,0
30019,0
30020,1
30021,1
30022,1
30023,1
30024,0
30025,1
30026,0
30027,1
30028,1
30029,0
30030,0
30031,1
30032,1
30033,0
30034,1
30035,1
30036,1
30037,0
30038,1
30039,0
30040,0
30041,1
30042,1
30043,1
30044,1
30045,0
30046,0
30047,1
30048,1
30049,1
30050,0
30051,0
30052,0
30053,1
30054,1
30055,0
30056,1
30057,0
30058,0
30059,1
30060,1
30061,0
30062,0
30063,0
30064,1
30065,0
30066,1
30067,0
30068,1
30069,0
30070,1
30071,1
30072,1
30073,1
30074,1
30075,1
30076,0
30077,0
30078,0
30079,1
30080,1
30081,0
30082,1
30083,0
30084,1
30085,1
30086,0
30087,0
30088,1
30089,1
30090,1
30091,1
30092,1
30093,0
30094,0
30095,1
30096,1
30097,0
30098,1
30099,0
30100,1
30101,0
30102,1
30103,1
30104,0
30105,0
30106,1
30107,1
30108,1
30109,1
30110,0
30111,1
30112,1
30113,1
30114,0
30115,1
30116,0
30117,0
30118,1
30119,0
30120,1
30121,0
30122,1
30123,0
30124,1
30125,0
30126,1
30127,0
30128,0
30129,1
30130,1
30131,1
30132,1
30133,1
30134,0
30135,1
30136,1
30137,0
30138,1
30139,1
30140,1
30141,0
30142,0
30143,1
30144,1
30145,1
30146,0
30147,1
30148,0
30149,0
30150,1
30151,0
30152,1
30153,1
30154,1
30155,0
30156,0
30157,1
30158,0
30159,0
30160,1
30161,1
30162,1
30163,0
30164,0
30165,1
30166,0
30167,0
30168,1
30169,1
30170,0
30171,0
30172,1
30173,1
30174,0
30175,1
30176,0
30177,1
30178,1
30179,1
30180,1
30181,1
30182,1
30183,1
30184,1
30185,1
30186,1
30187,0
30188,0
30189,0
30190,0
30191,0
30192,1
30193,1
30194,0
30195,1
30196,0
30197,1
30198,0
30199,1
30200,0
30201,1
30202,1
30203,0
30204,1
30205,1
30206,1
30207,0
30208,0
30209,1
30210,1
30211,1
30212,1
30213,0
30214,1
30215,0
30216,0
30217,0
30218,1
30219,1
30220,1
30221,0
30222,0
30223,0
30224,1
30225,1
30226,1
30227,1
30228,1
30229,1
30230,1
30231,0
30232,0
30233,1
30234,1
30235,1
30236,1
30237,1
30238,1
30239,1
30240,0
30241,1
30242,1
30243,0
30244,1
30245,1
30246,0
30247,1
30248,1
30249,0
30250,1
30251,1
30252,0
30253,0
30254,0
30255,0
30256,1
30257,1
30258,0
30259,1
30260,1
30261,0
30262,1
30263,1
30264,1
30265,0
30266,0
30267,1
30268,0
30269,0
30270,1
30271,0
30272,0
30273,0
30274,0
30275,1
30276,0
30277,0
30278,1
30279,0
30280,1
30281,1
30282,1
30283,0
30284,1
30285,0
30286,1
30287,0
30288,1
30289,0
30290,1
30291,1
30292,0
30293,0
30294,0
30295,1
30296,1
30297,1
30298,1
30299,1
30300,1
30301,1
30302,0
30303,0
30304,1
30305,1
30306,0
30307,0
30308,1
30309,0
30310,1
30311,1
30312,0
30313,0
30314,1
30315,0
30316,0
30317,1
30318,0
30319,0
30320,0
30321,1
30322,1
30323,0
30324,1
30325,1
30326,1
30327,1
30328,0
30329,0
30330,1
30331,0
30332,0
30333,0
30334,0
30335,0
30336,0
30337,1
30338,0
30339,0
30340,0
30341,1
30342,0
30343,0
30344,1
30345,0
30346,1
30347,1
30348,0
30349,0
30350,1
30351,1
30352,1
30353,0
30354,0
30355,1
30356,0
30357,1
30358,0
30359,1
30360,0
30361,1
30362,1
30363,0
30364,0
30365,1
30366,1
30367,0
30368,1
30369,0
30370,1
30371,0
30372,1
30373,0
30374,1
30375,1
30376,1
30377,1
30378,1
30379,1
30380,0
30381,1
30382,0
30383,0
30384,1
30385,1
30386,0
30387,0
30388,1
30389,1
30390,1
30391,1
30392,0
30393,1
30394,0
30395,0
30396,1
30397,0
30398,0
30399,0
30400,0
30401,1
30402,1
30403,1
30404,1
30405,0
30406,1
30407,0
30408,0
30409,0
30410,0
30411,1
30412,0
30413,1
30414,1
30415,0
30416,1
30417,0
30418,1
30419,1
30420,0
30421,1
30422,1
30423,1
30424,0
30425,1
30426,1
30427,0
30428,0
30429,0
30430,0
30431,1
30432,0
30433,0
30434,1
30435,0
30436,1
30437,0
30438,1
30439,1
30440,1
30441,0
30442,1
30443,1
30444,0
30445,1
30446,1
30447,1
30448,0
30449,0
30450,1
30451,0
30452,1
30453,1
30454,1
30455,0
30456,0
30457,1
30458,0
30459,0
30460,1
30461,1
30462,1
30463,0
30464,0
30465,0
30466,0
30467,1
30468,0
30469,1
30470,1
30471,1
30472,0
30473,0
30474,1
30475,1
30476,0
30477,0
30478,0
30479,1
30480,1
30481,0
30482,1
30483,0
30484,1
30485,1
30486,1
30487,1
30488,0
30489,0
30490,1
30491,1
30492,1
30493,1
30494,1
30495,1
30496,1
30497,0
30498,0
30499,1
30500,0
30501,0
30502,0
30503,1
30504,0
30505,1
30506,0
30507,0
30508,1
30509,1
30510,0
30511,1
30512,0
30513,1
30514,1
30515,0
30516,1
30517,1
30518,0
30519,0
30520,1
30521,0
30522,1
30523,1
30524,1
30525,1
30526,0
30527,0
30528,0
30529,0
30530,1
30531,0
30532,1
30533,0
30534,0
30535,0
30536,0
30537,0
30538,0
30539,1
30540,0
30541,0
30542,1
30543,0
30544,1
30545,0
30546,1
30547,1
30548,0
30549,0
30550,1
30551,0
30552,1
30553,1
30554,1
30555,1
30556,0
30557,1
30558,1
30559,0
30560,0
30561,0
30562,0
30563,0
30564,1
30565,0
30566,1
30567,1
30568,0
30569,1
30570,1
30571,1
30572,1
30573,0
30574,0
30575,1
30576,0
30577,1
30578,1
30579,1
30580,0
30581,1
30582,0
30583,1
30584,0
30585,1
30586,1
30587,1
30588,1
30589,0
30590,1
30591,0
30592,1
30593,1
30594,1
30595,0
30596,0
30597,0
30598,1
30599,0
30600,1
30601,1
30602,1
30603,0
30604,0
30605,0
30606,1
30607,0
30608,1
30609,0
30610,1
30611,1
30612,1
30613,1
30614,1
30615,1
30616,1
30617,1
30618,0
30619,1
30620,0
30621,0
30622,1
30623,0
30624,1
30625,0
30626,1
30627,1
30628,1
30629,0
30630,1
30631,1
30632,1
30633,1
30634,0
30635,0
30636,0
30637,0
30638,1
30639,0
30640,0
30641,1
30642,1
30643,1
30644,1
30645,1
30646,0
30647,1
30648,0
30649,1
30650,1
30651,1
30652,1
30653,1
30654,1
30655,1
30656,0
30657,0
30658,1
30659,0
30660,1
30661,1
30662,0
30663,0
30664,1
30665,0
30666,1
30667,0
30668,1
30669,0
30670,1
30671,0
30672,1
30673,0
30674,0
30675,0
30676,0
30677,0
30678,0
30679,0
30680,1
30681,0
30682,0
30683,0
30684,0
30685,1
30686,0
30687,0
30688,1
30689,0
30690,0
30691,1
30692,1
30693,0
30694,0
30695,1
30696,0
30697,0
30698,1
30699,1
30700,1
30701,1
30702,1
30703,0
30704,1
30705,0
30706,1
30707,1
30708,1
30709,1
30710,1
30711,1
30712,0
30713,1
30714,1
30715,0
30716,0
30717,1
30718,0
30719,0
30720,1
30721,0
30722,1
30723,0
30724,1
30725,1
30726,0
30727,0
30728,1
30729,1
30730,1
30731,1
30732,1
30733,1
30734,0
30735,1
30736,0
30737,1
30738,1
30739,1
30740,1
30741,1
30742,0
30743,1
30744,1
30745,0
30746,1
30747,1
30748,0
30749,1
30750,0
30751,1
30752,0
30753,0
30754,1
30755,1
30756,0
30757,1
30758,1
30759,1
30760,0
30761,1
30762,1
30763,0
30764,1
30765,1
30766,1
30767,1
30768,1
30769,0
30770,0
30771,1
30772,0
30773,0
30774,1
30775,1
30776,1
30777,1
30778,0
30779,0
30780,1
30781,0
30782,0
30783,1
30784,0
30785,0
30786,1
30787,0
30788,1
30789,0
30790,1
30791,0
30792,1
30793,1
30794,0
30795,1
30796,1
30797,0
30798,1
30799,1
30800,1
30801,1
30802,1
30803,0
30804,1
30805,0
30806,0
30807,1
30808,1
30809,1
30810,1
30811,1
30812,0
30813,0
30814,0
30815,1
30816,0
30817,1
30818,0
30819,0
30820,0
30821,1
30822,1
30823,1
30824,0
30825,0
30826,1
30827,0
30828,1
30829,0
30830,0
30831,0
30832,1
30833,0
30834,0
30835,0
30836,1
30837,1
30838,0
30839,1
30840,0
30841,0
30842,1
30843,1
30844,0
30845,0
30846,1
30847,0
30848,0
30849,0
30850,0
30851,1
30852,0
30853,1
30854,1
30855,0
30856,0
30857,0
30858,0
30859,0
30860,1
30861,1
30862,0
30863,1
30864,0
30865,0
30866,1
30867,0
30868,1
30869,1
30870,1
30871,1
30872,1
30873,1
30874,1
30875,1
30876,0
30877,0
30878,1
30879,0
30880,1
30881,1
30882,1
30883,0
30884,0
30885,1
30886,1
30887,1
30888,0
30889,1
30890,1
30891,1
30892,0
30893,0
30894,0
30895,0
30896,1
30897,1
30898,0
30899,0
30900,1
30901,0
30902,0
30903,0
30904,1
30905,0
30906,1
30907,0
30908,1
30909,0
30910,0
30911,1
30912,0
30913,1
30914,0
30915,0
30916,1
30917,1
30918,1
30919,0
30920,0
30921,0
30922,0
30923,1
30924,0
30925,0
30926,1
30927,0
30928,0
30929,0
30930,0
30931,1
30932,1
30933,1
30934,0
30935,1
30936,0
30937,0
30938,0
30939,1
30940,0
30941,1
30942,0
30943,0
30944,0
30945,1
30946,1
30947,0
30948,1
30949,1
30950,1
30951,0
30952,1
30953,1
30954,1
30955,1
30956,1
30957,1
30958,1
30959,1
30960,0
30961,0
30962,0
30963,1
30964,1
30965,1
30966,0
30967,0
30968,1
30969,0
30970,0
30971,0
30972,0
30973,1
30974,0
30975,1
30976,1
30977,1
30978,0
30979,1
30980,1
30981,0
30982,1
30983,0
30984,0
30985,1
30986,0
30987,1
30988,0
30989,1
30990,0
30991,1
30992,1
30993,1
30994,1
30995,1
30996,1
30997,1
30998,1
30999,0
31000,1
31001,0
31002,0
31003,1
31004,0
31005,1
31006,1
31007,1
31008,1
31009,0
31010,0
31011,1
31012,1
31013,1
31014,0
31015,0
31016,1
31017,1
31018,0
31019,1
31020,1
31021,1
31022,0
31023,1
31024,0
31025,1
31026,0
31027,1
31028,1
31029,1
31030,0
31031,1
31032,0
31033,0
31034,0
31035,1
31036,1
31037,1
31038,0
31039,1
31040,0
31041,1
31042,0
31043,1
31044,0
31045,0
31046,1
31047,1
31048,1
31049,0
31050,0
31051,1
31052,0
31053,1
31054,0
31055,0
31056,0
31057,0
31058,1
31059,1
31060,1
31061,1
31062,1
31063,0
31064,1
31065,1
31066,0
31067,0
31068,0
31069,0
31070,0
31071,1
31072,0
31073,0
31074,0
31075,1
31076,0
31077,0
31078,0
31079,0
31080,1
31081,0
31082,0
31083,1
31084,0
31085,1
31086,0
31087,1
31088,0
31089,1
31090,0
31091,1
31092,0
31093,1
31094,0
31095,1
31096,1
31097,0
31098,1
31099,0
31100,1
31101,0
31102,1
31103,0
31104,1
31105,1
31106,1
31107,1
31108,1
31109,0
31110,1
31111,1
31112,0
31113,1
31114,1
31115,0
31116,0
31117,1
31118,1
31119,1
31120,1
31121,0
31122,1
31123,0
31124,1
31125,1
31126,0
31127,1
31128,0
31129,1
31130,1
31131,0
31132,1
31133,0
31134,0
31135,0
31136,0
31137,1
31138,0
31139,1
31140,1
31141,0
31142,1
31143,0
31144,1
31145,1
31146,1
31147,0
31148,0
31149,0
31150,0
31151,0
31152,1
31153,1
31154,1
31155,1
31156,0
31157,1
31158,1
31159,0
31160,1
31161,0
31162,1
31163,0
31164,0
31165,0
31166,1
31167,1
31168,1
31169,1
31170,0
31171,1
31172,1
31173,0
31174,0
31175,1
31176,1
31177,0
31178,0
31179,1
31180,1
31181,1
31182,1
31183,0
31184,0
31185,0
31186,1
31187,1
31188,1
31189,0
31190,1
31191,1
31192,0
31193,1
31194,1
31195,1
31196,0
31197,1
31198,0
31199,0
31200,1
31201,1
31202,0
31203,1
31204,0
31205,0
31206,0
31207,0
31208,1
31209,1
31210,0
31211,0
31212,0
31213,1
31214,1
31215,1
31216,0
31217,1
31218,1
31219,1
31220,1
31221,0
31222,1
31223,1
31224,0
31225,0
31226,1
31227,1
31228,1
31229,1
31230,1
31231,0
31232,1
31233,0
31234,0
31235,1
31236,0
31237,0
31238,1
31239,1
31240,1
31241,0
31242,0
31243,1
31244,1
31245,1
31246,1
31247,1
31248,1
31249,1
31250,0
31251,0
31252,1
31253,1
31254,0
31255,0
31256,0
31257,0
31258,0
31259,0
31260,1
31261,1
31262,1
31263,0
31264,1
31265,1
31266,1
31267,1
31268,0
31269,1
31270,0
31271,1
31272,1
31273,1
31274,0
31275,1
31276,0
31277,0
31278,1
31279,0
31280,1
31281,1
31282,0
31283,1
31284,0
31285,1
31286,1
31287,1
31288,0
31289,0
31290,1
31291,1
31292,0
31293,1
31294,1
31295,1
31296,1
31297,1
31298,0
31299,1
31300,1
31301,0
31302,0
31303,0
31304,1
31305,1
31306,1
31307,1
31308,1
31309,1
31310,0
31311,1
31312,0
31313,0
31314,1
31315,1
31316,0
31317,1
31318,1
31319,1
31320,1
31321,0
31322,1
31323,1
31324,1
31325,0
31326,1
31327,1
31328,1
31329,0
31330,1
31331,0
31332,0
31333,1
31334,1
31335,0
31336,0
31337,1
31338,1
31339,0
31340,1
31341,1
31342,1
31343,1
31344,1
31345,1
31346,1
31347,0
31348,0
31349,1
31350,0
31351,1
31352,1
31353,1
31354,0
31355,0
31356,0
31357,1
31358,0
31359,1
31360,1
31361,1
31362,1
31363,1
31364,1
31365,1
31366,0
31367,0
31368,0
31369,0
31370,1
31371,1
31372,1
31373,1
31374,1
31375,0
31376,0
31377,0
31378,1
31379,1
31380,1
31381,1
31382,0
31383,0
31384,0
31385,1
31386,0
31387,0
31388,1
31389,0
31390,0
31391,0
31392,1
31393,0
31394,1
31395,1
31396,0
31397,1
31398,1
31399,1
31400,0
31401,1
31402,1
31403,0
31404,0
31405,0
31406,1
31407,0
31408,0
31409,0
31410,0
31411,1
31412,0
31413,1
31414,1
31415,0
31416,1
31417,1
31418,0
31419,1
31420,0
31421,0
31422,1
31423,1
31424,1
31425,1
31426,0
31427,1
31428,0
31429,0
31430,0
31431,1
31432,0
31433,1
31434,1
31435,1
31436,0
31437,1
31438,1
31439,0
31440,1
31441,1
31442,1
31443,1
31444,0
31445,0
31446,1
31447,1
31448,1
31449,0
31450,0
31451,0
31452,1
31453,0
31454,1
31455,1
31456,1
31457,1
31458,0
31459,0
31460,1
31461,1
31462,1
31463,1
31464,0
31465,0
31466,0
31467,0
31468,0
31469,0
31470,0
31471,1
31472,1
31473,0
31474,1
31475,1
31476,0
31477,1
31478,1
31479,0
31480,1
31481,0
31482,0
31483,1
31484,1
31485,0
31486,0
31487,0
31488,1
31489,1
31490,0
31491,0
31492,0
31493,1
31494,1
31495,0
31496,0
31497,1
31498,1
31499,1
31500,1
31501,1
31502,0
31503,1
31504,1
31505,0
31506,0
31507,0
31508,1
31509,1
31510,1
31511,0
31512,1
31513,1
31514,0
31515,1
31516,0
31517,0
31518,1
31519,0
31520,0
31521,1
31522,1
31523,1
31524,1
31525,1
31526,1
31527,1
31528,0
31529,1
31530,0
31531,1
31532,0
31533,0
31534,1
31535,1
31536,1
31537,1
31538,0
31539,1
31540,1
31541,0
31542,1
31543,0
31544,0
31545,1
31546,1
31547,0
31548,0
31549,1
31550,0
31551,1
31552,0
31553,0
31554,0
31555,1
31556,0
31557,1
31558,0
31559,1
31560,0
31561,0
31562,1
31563,1
31564,1
31565,1
31566,0
31567,0
31568,0
31569,0
31570,0
31571,0
31572,1
31573,0
31574,1
31575,1
31576,0
31577,0
31578,1
31579,1
31580,0
31581,0
31582,0
31583,1
31584,1
31585,1
31586,1
31587,0
31588,0
31589,0
31590,1
31591,1
31592,1
31593,1
31594,1
31595,1
31596,0
31597,0
31598,0
31599,0
31600,1
31601,1
31602,0
31603,0
31604,0
31605,1
31606,0
31607,0
31608,1
31609,1
31610,0
31611,0
31612,1
31613,1
31614,0
31615,0
31616,1
31617,0
31618,1
31619,0
31620,0
31621,0
31622,1
31623,1
31624,1
31625,0
31626,0
31627,0
31628,1
31629,1
31630,1
31631,1
31632,0
31633,1
31634,1
31635,1
31636,1
31637,1
31638,0
31639,1
31640,1
31641,1
31642,1
31643,1
31644,1
31645,1
31646,1
31647,0
31648,1
31649,1
31650,1
31651,1
31652,0
31653,1
31654,1
31655,0
31656,1
31657,1
31658,0
31659,0
31660,1
31661,1
31662,0
31663,1
31664,1
31665,0
31666,1
31667,1
31668,0
31669,0
31670,0
31671,1
31672,0
31673,0
31674,1
31675,1
31676,0
31677,0
31678,1
31679,0
31680,1
31681,0
31682,0
31683,1
31684,0
31685,1
31686,1
31687,1
31688,0
31689,1
31690,0
31691,0
31692,1
31693,1
31694,0
31695,1
31696,0
31697,1
31698,1
31699,1
31700,0
31701,0
31702,1
31703,1
31704,0
31705,0
31706,1
31707,1
31708,0
31709,1
31710,1
31711,1
31712,1
31713,0
31714,0
31715,1
31716,0
31717,0
31718,1
31719,0
31720,0
31721,0
31722,0
31723,0
31724,0
31725,1
31726,0
31727,1
31728,0
31729,1
31730,1
31731,1
31732,1
31733,1
31734,0
31735,1
31736,1
31737,0
31738,0
31739,0
31740,0
31741,0
31742,1
31743,0
31744,1
31745,1
31746,0
31747,1
31748,0
31749,1
31750,1
31751,1
31752,0
31753,1
31754,1
31755,0
31756,0
31757,0
31758,1
31759,0
31760,1
31761,1
31762,1
31763,1
31764,0
31765,0
31766,1
31767,1
31768,1
31769,0
31770,1
31771,1
31772,0
31773,1
31774,1
31775,1
31776,1
31777,0
31778,1
31779,0
31780,1
31781,0
31782,0
31783,1
31784,1
31785,1
31786,1
31787,0
31788,0
31789,0
31790,0
31791,1
31792,1
31793,1
31794,1
31795,1
31796,0
31797,1
31798,1
31799,0
31800,1
31801,1
31802,0
31803,1
31804,1
31805,1
31806,0
31807,1
31808,0
31809,1
31810,1
31811,1
31812,1
31813,1
31814,0
31815,1
31816,0
31817,0
31818,1
31819,0
31820,1
31821,0
31822,1
31823,0
31824,0
31825,1
31826,1
31827,0
31828,0
31829,0
31830,0
31831,0
31832,1
31833,0
31834,1
31835,1
31836,0
31837,0
31838,0
31839,0
31840,1
31841,1
31842,1
31843,0
31844,1
31845,1
31846,1
31847,1
31848,1
31849,1
31850,1
31851,1
31852,0
31853,1
31854,0
31855,0
31856,1
31857,1
31858,0
31859,0
31860,1
31861,1
31862,1
31863,1
31864,1
31865,0
31866,1
31867,0
31868,0
31869,0
31870,1
31871,1
31872,1
31873,0
31874,0
31875,0
31876,0
31877,1
31878,0
31879,1
31880,0
31881,1
31882,0
31883,1
31884,0
31885,0
31886,0
31887,0
31888,0
31889,0
31890,0
31891,1
31892,0
31893,0
31894,1
31895,0
31896,0
31897,1
31898,1
31899,1
31900,0
31901,1
31902,0
31903,0
31904,1
31905,1
31906,0
31907,1
31908,1
31909,0
31910,1
31911,0
31912,0
31913,1
31914,1
31915,1
31916,0
31917,0
31918,1
31919,1
31920,0
31921,1
31922,1
31923,0
31924,0
31925,0
31926,0
31927,1
31928,1
31929,0
31930,0
31931,1
31932,1
31933,1
31934,0
31935,1
31936,0
31937,1
31938,1
31939,1
31940,0
31941,1
31942,1
31943,0
31944,0
31945,0
31946,1
31947,1
31948,0
31949,0
31950,0
31951,0
31952,1
31953,0
31954,1
31955,1
31956,0
31957,0
31958,1
31959,1
31960,1
31961,1
31962,0
31963,1
31964,1
31965,0
31966,1
31967,0
31968,0
31969,1
31970,1
31971,1
31972,1
31973,1
31974,0
31975,1
31976,0
31977,1
31978,1
31979,1
31980,1
31981,1
31982,1
31983,1
31984,0
31985,0
31986,0
31987,1
31988,1
31989,0
31990,1
31991,1
31992,1
31993,0
31994,0
31995,1
31996,0
31997,1
31998,1
31999,1
32000,1
32001,1
32002,0
32003,0
32004,1
32005,1
32006,0
32007,0
32008,1
32009,0
32010,1
32011,1
32012,1
32013,1
32014,0
32015,1
32016,1
32017,0
32018,1
32019,1
32020,1
32021,1
32022,1
32023,1
32024,0
32025,0
32026,0
32027,1
32028,1
32029,1
32030,1
32031,1
32032,1
32033,0
32034,1
32035,0
32036,0
32037,1
32038,0
32039,1
32040,1
32041,1
32042,0
32043,0
32044,0
32045,1
32046,1
32047,0
32048,1
32049,0
32050,0
32051,0
32052,1
32053,1
32054,0
32055,1
32056,0
32057,0
32058,0
32059,1
32060,1
32061,1
32062,1
32063,1
32064,1
32065,0
32066,1
32067,1
32068,0
32069,1
32070,0
32071,1
32072,1
32073,0
32074,0
32075,1
32076,1
32077,1
32078,0
32079,1
32080,1
32081,1
32082,1
32083,1
32084,1
32085,1
32086,1
32087,0
32088,0
32089,0
32090,1
32091,0
32092,0
32093,0
32094,1
32095,0
32096,0
32097,1
32098,1
32099,1
32100,1
32101,1
32102,0
32103,0
32104,0
32105,0
32106,1
32107,1
32108,1
32109,0
32110,0
32111,0
32112,1
32113,1
32114,1
32115,1
32116,1
32117,0
32118,1
32119,0
32120,1
32121,0
32122,0
32123,1
32124,1
32125,1
32126,1
32127,1
32128,0
32129,0
32130,0
32131,0
32132,1
32133,0
32134,1
32135,1
32136,0
32137,1
32138,0
32139,1
32140,1
32141,1
32142,1
32143,1
32144,1
32145,1
32146,0
32147,0
32148,1
32149,0
32150,0
32151,0
32152,1
32153,1
32154,0
32155,1
32156,0
32157,1
32158,0
32159,1
32160,0
32161,1
32162,0
32163,0
32164,1
32165,0
32166,0
32167,0
32168,1
32169,1
32170,1
32171,1
32172,0
32173,0
32174,1
32175,1
32176,0
32177,0
32178,0
32179,1
32180,1
32181,0
32182,1
32183,1
32184,1
32185,1
32186,1
32187,1
32188,0
32189,1
32190,0
32191,1
32192,1
32193,0
32194,1
32195,0
32196,1
32197,0
32198,1
32199,0
32200,1
32201,1
32202,0
32203,0
32204,1
32205,0
32206,0
32207,0
32208,0
32209,0
32210,0
32211,1
32212,1
32213,0
32214,1
32215,0
32216,0
32217,1
32218,1
32219,1
32220,0
32221,0
32222,0
32223,1
32224,0
32225,0
32226,0
32227,1
32228,1
32229,0
32230,1
32231,0
32232,1
32233,0
32234,1
32235,0
32236,0
32237,1
32238,0
32239,0
32240,0
32241,1
32242,1
32243,0
32244,1
32245,1
32246,0
32247,1
32248,1
32249,1
32250,0
32251,0
32252,0
32253,0
32254,1
32255,0
32256,0
32257,1
32258,1
32259,1
32260,1
32261,0
32262,0
32263,0
32264,0
32265,0
32266,1
32267,1
32268,0
32269,0
32270,0
32271,0
32272,0
32273,1
32274,1
32275,1
32276,0
32277,0
32278,1
32279,1
32280,0
32281,1
32282,1
32283,1
32284,1
32285,0
32286,0
32287,0
32288,0
32289,1
32290,1
32291,1
32292,1
32293,1
32294,1
32295,1
32296,0
32297,0
32298,0
32299,0
32300,1
32301,0
32302,1
32303,1
32304,1
32305,1
32306,0
32307,1
32308,0
32309,1
32310,0
32311,0
32312,1
32313,0
32314,1
32315,1
32316,0
32317,1
32318,1
32319,1
32320,1
32321,0
32322,0
32323,0
32324,1
32325,0
32326,0
32327,1
32328,0
32329,0
32330,1
32331,0
32332,1
32333,1
32334,0
32335,1
32336,1
32337,0
32338,0
32339,1
32340,0
32341,0
32342,0
32343,0
32344,0
32345,1
32346,0
32347,1
32348,0
32349,0
32350,1
32351,0
32352,1
32353,1
32354,1
32355,1
32356,1
32357,0
32358,1
32359,0
32360,1
32361,1
32362,1
32363,1
32364,1
32365,1
32366,1
32367,1
32368,0
32369,0
32370,1
32371,1
32372,1
32373,1
32374,1
32375,0
32376,1
32377,1
32378,1
32379,0
32380,1
32381,1
32382,1
32383,1
32384,0
32385,0
32386,0
32387,0
32388,1
32389,1
32390,1
32391,1
32392,1
32393,1
32394,1
32395,0
32396,1
32397,0
32398,1
32399,1
32400,1
32401,1
32402,1
32403,1
32404,1
32405,0
32406,0
32407,0
32408,0
32409,1
32410,0
32411,1
32412,1
32413,1
32414,1
32415,1
32416,0
32417,1
32418,1
32419,1
32420,1
32421,1
32422,1
32423,0
32424,0
32425,1
32426,1
32427,0
32428,0
32429,0
32430,0
32431,0
32432,1
32433,1
32434,1
32435,1
32436,1
32437,0
32438,1
32439,1
32440,0
32441,1
32442,0
32443,1
32444,1
32445,1
32446,0
32447,0
32448,1
32449,0
32450,1
32451,0
32452,0
32453,1
32454,1
32455,0
32456,1
32457,0
32458,1
32459,0
32460,0
32461,1
32462,0
32463,1
32464,1
32465,0
32466,1
32467,0
32468,1
32469,0
32470,1
32471,1
32472,1
32473,1
32474,1
32475,0
32476,0
32477,0
32478,1
32479,0
32480,1
32481,0
32482,0
32483,1
32484,1
32485,0
32486,1
32487,0
32488,1
32489,1
32490,1
32491,1
32492,1
32493,0
32494,1
32495,0
32496,0
32497,0
32498,1
32499,1
32500,1
32501,1
32502,1
32503,1
32504,1
32505,0
32506,0
32507,1
32508,1
32509,0
32510,0
32511,1
32512,1
32513,0
32514,1
32515,0
32516,0
32517,1
32518,1
32519,1
32520,0
32521,0
32522,1
32523,1
32524,1
32525,0
32526,0
32527,1
32528,0
32529,1
32530,1
32531,1
32532,1
32533,0
32534,1
32535,0
32536,0
32537,0
32538,1
32539,0
32540,0
32541,1
32542,0
32543,1
32544,0
32545,1
32546,0
32547,1
32548,0
32549,1
32550,1
32551,0
32552,0
32553,0
32554,0
32555,1
32556,1
32557,0
32558,1
32559,1
32560,1
32561,1
32562,1
32563,1
32564,1
32565,1
32566,1
32567,1
32568,0
32569,1
32570,1
32571,0
32572,0
32573,1
32574,1
32575,0
32576,1
32577,1
32578,1
32579,0
32580,0
32581,1
32582,0
32583,0
32584,1
32585,0
32586,1
32587,1
32588,0
32589,0
32590,0
32591,0
32592,0
32593,0
32594,1
32595,1
32596,0
32597,0
32598,0
32599,1
32600,0
32601,1
32602,0
32603,1
32604,0
32605,1
32606,1
32607,1
32608,1
32609,0
32610,0
32611,1
32612,1
32613,0
32614,0
32615,1
32616,1
32617,0
32618,1
32619,1
32620,1
32621,1
32622,0
32623,1
32624,0
32625,1
32626,1
32627,1
32628,1
32629,0
32630,0
32631,1
32632,1
32633,0
32634,1
32635,0
32636,0
32637,0
32638,0
32639,1
32640,0
32641,0
32642,0
32643,0
32644,0
32645,0
32646,0
32647,0
32648,1
32649,1
32650,1
32651,1
32652,0
32653,0
32654,0
32655,0
32656,1
32657,0
32658,1
32659,1
32660,0
32661,0
32662,0
32663,0
32664,0
32665,1
32666,0
32667,1
32668,0
32669,0
32670,1
32671,1
32672,0
32673,1
32674,0
32675,0
32676,1
32677,1
32678,0
32679,0
32680,1
32681,0
32682,0
32683,0
32684,0
32685,0
32686,0
32687,1
32688,0
32689,1
32690,0
32691,0
32692,1
32693,1
32694,0
32695,1
32696,1
32697,0
32698,0
32699,0
32700,0
32701,0
32702,1
32703,1
32704,0
32705,1
32706,1
32707,0
32708,1
32709,1
32710,1
32711,0
32712,1
32713,0
32714,0
32715,1
32716,0
32717,0
32718,1
32719,0
32720,0
32721,0
32722,1
32723,0
32724,0
32725,1
32726,1
32727,1
32728,0
32729,1
32730,1
32731,1
32732,1
32733,0
32734,1
32735,0
32736,0
32737,0
32738,1
32739,1
32740,0
32741,0
32742,1
32743,0
32744,1
32745,0
32746,1
32747,0
32748,0
32749,0
32750,0
32751,0
32752,1
32753,1
32754,1
32755,1
32756,0
32757,1
32758,1
32759,1
32760,0
32761,1
32762,1
32763,0
32764,0
32765,1
32766,1
32767,0
32768,0
32769,1
32770,1
32771,1
32772,0
32773,1
32774,1
32775,1
32776,1
32777,0
32778,1
32779,1
32780,1
32781,1
32782,1
32783,1
32784,1
32785,1
32786,1
32787,0
32788,0
32789,1
32790,0
32791,1
32792,0
32793,1
32794,1
32795,1
32796,0
32797,0
32798,1
32799,1
32800,1
32801,0
32802,1
32803,1
32804,1
32805,1
32806,0
32807,0
32808,1
32809,1
32810,1
32811,0
32812,0
32813,0
32814,1
32815,0
32816,1
32817,0
32818,0
32819,1
32820,1
32821,0
32822,1
32823,1
32824,1
32825,1
32826,0
32827,0
32828,0
32829,1
32830,0
32831,1
32832,1
32833,1
32834,0
32835,1
32836,1
32837,1
32838,0
32839,0
32840,1
32841,0
32842,0
32843,0
32844,0
32845,0
32846,1
32847,1
32848,0
32849,1
32850,1
32851,0
32852,1
32853,1
32854,0
32855,0
32856,1
32857,0
32858,1
32859,0
32860,1
32861,1
32862,1
32863,1
32864,1
32865,1
32866,0
32867,1
32868,1
32869,0
32870,0
32871,1
32872,1
32873,1
32874,1
32875,0
32876,1
32877,0
32878,0
32879,1
32880,1
32881,0
32882,1
32883,1
32884,0
32885,0
32886,1
32887,0
32888,1
32889,1
32890,1
32891,0
32892,1
32893,1
32894,1
32895,1
32896,1
32897,0
32898,0
32899,1
32900,0
32901,0
32902,1
32903,1
32904,0
32905,0
32906,0
32907,0
32908,1
32909,0
32910,0
32911,0
32912,0
32913,1
32914,1
32915,1
32916,0
32917,1
32918,1
32919,0
32920,0
32921,1
32922,1
32923,0
32924,0
32925,1
32926,0
32927,1
32928,0
32929,0
32930,1
32931,0
32932,0
32933,0
32934,1
32935,1
32936,0
32937,0
32938,1
32939,0
32940,1
32941,0
32942,0
32943,1
32944,1
32945,0
32946,0
32947,1
32948,1
32949,1
32950,1
32951,1
32952,0
32953,0
32954,1
32955,0
32956,1
32957,0
32958,1
32959,0
32960,0
32961,1
32962,1
32963,1
32964,1
32965,0
32966,0
32967,1
32968,1
32969,1
32970,1
32971,1
32972,0
32973,1
32974,0
32975,1
32976,1
32977,0
32978,0
32979,0
32980,1
32981,0
32982,1
32983,0
32984,0
32985,0
32986,1
32987,1
32988,1
32989,1
32990,1
32991,0
32992,0
32993,1
32994,1
32995,0
32996,1
32997,1
32998,0
32999,1
33000,1
33001,1
33002,0
33003,1
33004,1
33005,0
33006,0
33007,1
33008,1
33009,0
33010,0
33011,0
33012,0
33013,0
33014,1
33015,1
33016,0
33017,0
33018,1
33019,1
33020,1
33021,1
33022,1
33023,1
33024,0
33025,0
33026,0
33027,0
33028,1
33029,0
33030,0
33031,1
33032,0
33033,0
33034,1
33035,0
33036,1
33037,0
33038,1
33039,1
33040,1
33041,0
33042,1
33043,0
33044,1
33045,1
33046,1
33047,0
33048,0
33049,0
33050,0
33051,1
33052,0
33053,1
33054,0
33055,0
33056,1
33057,1
33058,0
33059,1
33060,0
33061,1
33062,0
33063,0
33064,1
33065,1
33066,0
33067,1
33068,0
33069,1
33070,1
33071,1
33072,1
33073,0
33074,0
33075,0
33076,1
33077,0
33078,1
33079,1
33080,0
33081,1
33082,0
33083,0
33084,1
33085,1
33086,0
33087,1
33088,1
33089,1
33090,1
33091,0
33092,1
33093,0
33094,0
33095,1
33096,1
33097,1
33098,1
33099,0
33100,1
33101,1
33102,0
33103,1
33104,0
33105,0
33106,0
33107,1
33108,0
33109,1
33110,1
33111,1
33112,1
33113,1
33114,0
33115,1
33116,0
33117,1
33118,0
33119,1
33120,1
33121,0
33122,1
33123,0
33124,1
33125,1
33126,1
33127,1
33128,1
33129,1
33130,0
33131,0
33132,1
33133,0
33134,1
33135,1
33136,0
33137,1
33138,1
33139,0
33140,1
33141,1
33142,0
33143,0
33144,0
33145,1
33146,0
33147,0
33148,1
33149,1
33150,1
33151,1
33152,0
33153,0
33154,1
33155,1
33156,0
33157,0
33158,0
33159,0
33160,0
33161,1
33162,0
33163,0
33164,0
33165,0
33166,1
33167,0
33168,1
33169,1
33170,0
33171,0
33172,0
33173,1
33174,0
33175,0
33176,1
33177,0
33178,0
33179,0
33180,0
33181,0
33182,1
33183,0
33184,1
33185,1
33186,0
33187,1
33188,1
33189,0
33190,0
33191,1
33192,1
33193,0
33194,1
33195,1
33196,1
33197,0
33198,0
33199,1
33200,0
33201,0
33202,1
33203,1
33204,1
33205,0
33206,0
33207,1
33208,1
33209,0
33210,1
33211,1
33212,0
33213,1
33214,1
33215,1
33216,0
33217,1
33218,1
33219,1
33220,1
33221,1
33222,0
33223,1
33224,1
33225,1
33226,1
33227,1
33228,1
33229,1
33230,1
33231,0
33232,0
33233,0
33234,0
33235,1
33236,0
33237,0
33238,0
33239,0
33240,1
33241,0
33242,1
33243,1
33244,0
33245,0
33246,0
33247,1
33248,1
33249,1
33250,1
33251,1
33252,0
33253,1
33254,1
33255,0
33256,0
33257,0
33258,1
33259,1
33260,1
33261,1
33262,0
33263,0
33264,0
33265,0
33266,0
33267,1
33268,1
33269,0
33270,0
33271,1
33272,1
33273,1
33274,0
33275,1
33276,1
33277,1
33278,0
33279,0
33280,0
33281,1
33282,1
33283,1
33284,1
33285,1
33286,1
33287,1
33288,1
33289,1
33290,1
33291,1
33292,0
33293,1
33294,1
33295,1
33296,1
33297,1
33298,0
33299,1
33300,0
33301,1
33302,0
33303,1
33304,1
33305,0
33306,1
33307,1
33308,1
33309,1
33310,1
33311,0
33312,0
33313,0
33314,0
33315,0
33316,0
33317,0
33318,1
33319,0
33320,1
33321,1
33322,0
33323,1
33324,1
33325,1
33326,1
33327,1
33328,0
33329,0
33330,0
33331,1
33332,1
33333,1
33334,0
33335,0
33336,1
33337,0
33338,0
33339,1
33340,0
33341,1
33342,0
33343,0
33344,0
33345,1
33346,1
33347,1
33348,0
33349,1
33350,0
33351,0
33352,0
33353,0
33354,0
33355,1
33356,0
33357,1
33358,0
33359,0
33360,0
33361,1
33362,1
33363,0
33364,0
33365,0
33366,0
33367,0
33368,0
33369,0
33370,0
33371,0
33372,1
33373,1
33374,1
33375,1
33376,0
33377,1
33378,1
33379,1
33380,1
33381,0
33382,0
33383,0
33384,1
33385,1
33386,1
33387,0
33388,1
33389,0
33390,1
33391,0
33392,1
33393,0
33394,1
33395,0
33396,0
33397,1
33398,0
33399,1
33400,1
33401,0
33402,1
33403,0
33404,1
33405,1
33406,1
33407,0
33408,0
33409,0
33410,1
33411,1
33412,1
33413,1
33414,1
33415,0
33416,0
33417,1
33418,0
33419,1
33420,0
33421,0
33422,1
33423,1
33424,1
33425,0
33426,1
33427,1
33428,1
33429,1
33430,0
33431,1
33432,1
33433,1
33434,0
33435,0
33436,1
33437,1
33438,0
33439,1
33440,1
33441,1
33442,0
33443,1
33444,1
33445,0
33446,1
33447,1
33448,1
33449,0
33450,1
33451,0
33452,1
33453,0
33454,0
33455,1
33456,1
33457,0
33458,0
33459,1
33460,0
33461,0
33462,0
33463,0
33464,1
33465,1
33466,1
33467,0
33468,1
33469,0
33470,1
33471,1
33472,1
33473,0
33474,1
33475,1
33476,1
33477,1
33478,0
33479,1
33480,1
33481,1
33482,1
33483,1
33484,1
33485,0
33486,0
33487,1
33488,1
33489,1
33490,1
33491,1
33492,0
33493,1
33494,1
33495,0
33496,0
33497,1
33498,0
33499,1
33500,0
33501,1
33502,1
33503,0
33504,0
33505,1
33506,1
33507,1
33508,0
33509,1
33510,1
33511,1
33512,1
33513,1
33514,0
33515,0
33516,0
33517,0
33518,0
33519,1
33520,1
33521,0
33522,1
33523,0
33524,1
33525,1
33526,1
33527,0
33528,1
33529,0
33530,1
33531,0
33532,1
33533,0
33534,1
33535,1
33536,0
33537,0
33538,0
33539,1
33540,1
33541,0
33542,1
33543,0
33544,0
33545,0
33546,0
33547,1
33548,0
33549,1
33550,1
33551,1
33552,0
33553,1
33554,0
33555,1
33556,1
33557,1
33558,1
33559,1
33560,1
33561,0
33562,1
33563,0
33564,1
33565,1
33566,1
33567,1
33568,0
33569,0
33570,1
33571,0
33572,0
33573,0
33574,1
33575,1
33576,0
33577,0
33578,1
33579,0
33580,1
33581,0
33582,1
33583,0
33584,0
33585,0
33586,1
33587,0
33588,1
33589,0
33590,1
33591,1
33592,1
33593,1
33594,1
33595,1
33596,0
33597,0
33598,0
33599,1
33600,1
33601,0
33602,1
33603,1
33604,0
33605,0
33606,0
33607,1
33608,0
33609,1
33610,1
33611,1
33612,1
33613,0
33614,1
33615,1
33616,0
33617,1
33618,1
33619,1
33620,0
33621,0
33622,0
33623,0
33624,1
33625,1
33626,1
33627,1
33628,1
33629,1
33630,1
33631,1
33632,0
33633,0
33634,0
33635,0
33636,1
33637,0
33638,1
33639,1
33640,0
33641,0
33642,0
33643,1
33644,0
33645,1
33646,1
33647,1
33648,0
33649,0
33650,0
33651,1
33652,1
33653,1
33654,0
33655,0
33656,1
33657,1
33658,0
33659,0
33660,1
33661,1
33662,0
33663,1
33664,0
33665,0
33666,0
33667,1
33668,1
33669,1
33670,1
33671,1
33672,0
33673,1
33674,0
33675,1
33676,0
33677,0
33678,1
33679,1
33680,0
33681,0
33682,0
33683,0
33684,1
33685,0
33686,0
33687,0
33688,0
33689,1
33690,1
33691,0
33692,1
33693,1
33694,1
33695,1
33696,0
33697,1
33698,1
33699,1
33700,1
33701,0
33702,0
33703,1
33704,0
33705,0
33706,1
33707,1
33708,1
33709,1
33710,1
33711,1
33712,0
33713,0
33714,0
33715,1
33716,1
33717,0
33718,0
33719,0
33720,1
33721,0
33722,1
33723,1
33724,0
33725,1
33726,1
33727,0
33728,1
33729,1
33730,1
33731,0
33732,1
33733,0
33734,0
33735,0
33736,1
33737,1
33738,1
33739,1
33740,1
33741,0
33742,1
33743,0
33744,0
33745,0
33746,1
33747,0
33748,1
33749,0
33750,0
33751,0
33752,0
33753,0
33754,0
33755,1
33756,1
33757,1
33758,0
33759,1
33760,0
33761,0
33762,1
33763,1
33764,1
33765,1
33766,1
33767,1
33768,1
33769,1
33770,0
33771,1
33772,0
33773,0
33774,0
33775,1
33776,0
33777,0
33778,0
33779,0
33780,1
33781,1
33782,1
33783,1
33784,1
33785,0
33786,0
33787,1
33788,1
33789,1
33790,1
33791,1
33792,0
33793,1
33794,0
33795,0
33796,1
33797,1
33798,1
33799,1
33800,1
33801,1
33802,0
33803,1
33804,1
33805,1
33806,1
33807,0
33808,1
33809,0
33810,0
33811,1
33812,0
33813,1
33814,0
33815,0
33816,1
33817,1
33818,0
33819,0
33820,0
33821,1
33822,1
33823,0
33824,0
33825,1
33826,1
33827,1
33828,0
33829,1
33830,0
33831,0
33832,0
33833,1
33834,1
33835,0
33836,0
33837,1
33838,1
33839,1
33840,1
33841,1
33842,1
33843,1
33844,0
33845,1
33846,0
33847,0
33848,0
33849,1
33850,1
33851,1
33852,1
33853,0
33854,1
33855,0
33856,0
33857,0
33858,1
33859,0
33860,0
33861,1
33862,1
33863,1
33864,1
33865,0
33866,1
33867,1
33868,1
33869,1
33870,0
33871,0
33872,1
33873,1
33874,1
33875,0
33876,0
33877,1
33878,1
33879,0
33880,1
33881,0
33882,1
33883,1
33884,0
33885,1
33886,0
33887,1
33888,0
33889,0
33890,1
33891,0
33892,0
33893,0
33894,0
33895,1
33896,1
33897,1
33898,1
33899,0
33900,0
33901,0
33902,1
33903,1
33904,0
33905,1
33906,0
33907,0
33908,0
33909,1
33910,0
33911,0
33912,0
33913,0
33914,0
33915,1
33916,0
33917,0
33918,1
33919,1
33920,1
33921,1
33922,1
33923,1
33924,0
33925,1
33926,1
33927,1
33928,1
33929,1
33930,1
33931,1
33932,0
33933,0
33934,1
33935,1
33936,0
33937,1
33938,1
33939,1
33940,0
33941,1
33942,1
33943,0
33944,0
33945,1
33946,1
33947,0
33948,1
33949,0
33950,1
33951,1
33952,0
33953,0
33954,0
33955,1
33956,1
33957,1
33958,1
33959,1
33960,1
33961,0
33962,0
33963,0
33964,1
33965,0
33966,1
33967,0
33968,1
33969,1
33970,0
33971,1
33972,1
33973,0
33974,1
33975,0
33976,1
33977,1
33978,1
33979,1
33980,0
33981,1
33982,0
33983,0
33984,0
33985,0
33986,1
33987,0
33988,0
33989,1
33990,0
33991,0
33992,1
33993,0
33994,0
33995,0
33996,0
33997,1
33998,1
33999,1
34000,0
34001,0
34002,1
34003,1
34004,0
34005,0
34006,1
34007,0
34008,1
34009,0
34010,1
34011,1
34012,1
34013,0
34014,1
34015,1
34016,0
34017,0
34018,1
34019,1
34020,0
34021,0
34022,1
34023,1
34024,1
34025,1
34026,0
34027,1
34028,1
34029,0
34030,1
34031,0
34032,1
34033,0
34034,0
34035,0
34036,0
34037,1
34038,0
34039,1
34040,0
34041,1
34042,1
34043,1
34044,0
34045,0
34046,0
34047,1
34048,1
34049,0
34050,1
34051,0
34052,0
34053,0
34054,1
34055,0
34056,1
34057,1
34058,1
34059,0
34060,0
34061,1
34062,0
34063,0
34064,1
34065,0
34066,0
34067,0
34068,1
34069,1
34070,1
34071,1
34072,1
34073,0
34074,1
34075,0
34076,0
34077,0
34078,0
34079,1
34080,1
34081,0
34082,0
34083,0
34084,1
34085,1
34086,1
34087,1
34088,0
34089,1
34090,0
34091,0
34092,0
34093,0
34094,0
34095,0
34096,1
34097,1
34098,0
34099,1
34100,1
34101,1
34102,1
34103,1
34104,0
34105,0
34106,1
34107,0
34108,0
34109,1
34110,0
34111,1
34112,1
34113,1
34114,1
34115,0
34116,0
34117,1
34118,0
34119,0
34120,0
34121,1
34122,0
34123,0
34124,1
34125,1
34126,1
34127,0
34128,1
34129,1
34130,1
34131,1
34132,0
34133,1
34134,1
34135,0
34136,0
34137,0
34138,1
34139,0
34140,1
34141,0
34142,1
34143,0
34144,0
34145,0
34146,0
34147,1
34148,0
34149,0
34150,0
34151,0
34152,1
34153,1
34154,0
34155,0
34156,1
34157,1
34158,0
34159,1
34160,0
34161,1
34162,0
34163,1
34164,0
34165,0
34166,1
34167,1
34168,1
34169,1
34170,0
34171,1
34172,0
34173,1
34174,1
34175,1
34176,0
34177,1
34178,0
34179,0
34180,1
34181,1
34182,1
34183,1
34184,0
34185,1
34186,1
34187,1
34188,0
34189,0
34190,0
34191,0
34192,1
34193,0
34194,1
34195,1
34196,1
34197,0
34198,1
34199,0
34200,0
34201,0
34202,1
34203,0
34204,1
34205,0
34206,0
34207,0
34208,0
34209,1
34210,1
34211,0
34212,1
34213,0
34214,0
34215,0
34216,1
34217,1
34218,0
34219,1
34220,0
34221,1
34222,0
34223,1
34224,1
34225,1
34226,0
34227,0
34228,1
34229,0
34230,1
34231,1
34232,0
34233,1
34234,0
34235,1
34236,1
34237,0
34238,0
34239,1
34240,1
34241,0
34242,1
34243,0
34244,0
34245,0
34246,0
34247,0
34248,0
34249,0
34250,0
34251,0
34252,1
34253,0
34254,0
34255,0
34256,0
34257,1
34258,0
34259,1
34260,1
34261,0
34262,1
34263,0
34264,0
34265,0
34266,0
34267,0
34268,1
34269,1
34270,0
34271,1
